{"DTUID":"111","SENSORID":4,"FUNCID":3,"NDATA":2,"SENSORTYPE":"PWR-METER-POWER","RCV_BYTES":["01FA","7AFE"],"DATAS":[506,31486],"DATAS1":[],"DATAS2":[],"TIMESTAMP":"2025-05-11T00:38:48.415Z","BUFFER":"2B5243563A3131312C04030401FA7AFE2C1E"}
{"DTUID":"111","SENSORID":4,"FUNCID":3,"NDATA":2,"SENSORTYPE":"PWR-METER-POWER","RCV_BYTES":["01FA","7D68"],"DATAS":[506,32104],"DATAS1":[],"DATAS2":[],"TIMESTAMP":"2025-05-11T01:13:41.843Z","BUFFER":"2B5243563A3131312C04030401FA7D68AE40"}
{"DTUID":"111","SENSORID":4,"FUNCID":3,"NDATA":2,"SENSORTYPE":"PWR-METER-POWER","RCV_BYTES":["01FA","7E19"],"DATAS":[506,32281],"DATAS1":[],"DATAS2":[],"TIMESTAMP":"2025-05-11T01:23:42.181Z","BUFFER":"2B5243563A3131312C04030401FA7E196E94"}
{"DTUID":"111","SENSORID":4,"FUNCID":3,"NDATA":2,"SENSORTYPE":"PWR-METER-POWER","RCV_BYTES":["01FA","9E67"],"DATAS":[506,-24985],"DATAS1":[],"DATAS2":[],"TIMESTAMP":"2025-05-11T09:10:37.354Z","BUFFER":"2B5243563A3131312C04030401FA9E67A774"}
{"DTUID":"111","SENSORID":4,"FUNCID":3,"NDATA":2,"SENSORTYPE":"PWR-METER-POWER","RCV_BYTES":["01FA","9F18"],"DATAS":[506,-24808],"DATAS1":[],"DATAS2":[],"TIMESTAMP":"2025-05-11T09:20:38.662Z","BUFFER":"2B5243563A3131312C04030401FA9F18E704"}
{"DTUID":"111","SENSORID":4,"FUNCID":3,"NDATA":2,"SENSORTYPE":"PWR-METER-POWER","RCV_BYTES":["01FA","A6F8"],"DATAS":[506,-22792],"DATAS1":[],"DATAS2":[],"TIMESTAMP":"2025-05-11T12:01:37.254Z","BUFFER":"2B5243563A3131312C04030401FAA6F8F4DC"}
{"DTUID":"111","SENSORID":4,"FUNCID":3,"NDATA":2,"SENSORTYPE":"PWR-METER-POWER","RCV_BYTES":["01FA","A6F8"],"DATAS":[506,-22792],"DATAS1":[],"DATAS2":[],"TIMESTAMP":"2025-05-11T12:13:21.482Z","BUFFER":"2B5243563A3131312C04030401FAA6F8F4DC"}
{"DTUID":"111","SENSORID":4,"FUNCID":3,"NDATA":2,"SENSORTYPE":"PWR-METER-POWER","RCV_BYTES":["01FA","A6F8"],"DATAS":[506,-22792],"DATAS1":[],"DATAS2":[],"TIMESTAMP":"2025-05-11T12:43:22.681Z","BUFFER":"2B5243563A3131312C04030401FAA6F8F4DC"}
{"DTUID":"111","SENSORID":4,"FUNCID":3,"NDATA":2,"SENSORTYPE":"PWR-METER-POWER","RCV_BYTES":["01FA","A6F8"],"DATAS":[506,-22792],"DATAS1":[],"DATAS2":[],"TIMESTAMP":"2025-05-11T12:53:21.436Z","BUFFER":"2B5243563A3131312C04030401FAA6F8F4DC"}
{"DTUID":"111","SENSORID":4,"FUNCID":3,"NDATA":2,"SENSORTYPE":"PWR-METER-POWER","RCV_BYTES":["01FA","A6F8"],"DATAS":[506,-22792],"DATAS1":[],"DATAS2":[],"TIMESTAMP":"2025-05-11T14:10:08.996Z","BUFFER":"2B5243563A3131312C04030401FAA6F8F4DC"}
{"DTUID":"111","SENSORID":4,"FUNCID":3,"NDATA":2,"SENSORTYPE":"PWR-METER-POWER","RCV_BYTES":["01FA","A6F8"],"DATAS":[506,-22792],"DATAS1":[],"DATAS2":[],"TIMESTAMP":"2025-05-11T14:46:59.019Z","BUFFER":"2B5243563A3131312C04030401FAA6F8F4DC"}
{"DTUID":"111","SENSORID":4,"FUNCID":3,"NDATA":2,"SENSORTYPE":"PWR-METER-POWER","RCV_BYTES":["01FA","A6F8"],"DATAS":[506,-22792],"DATAS1":[],"DATAS2":[],"TIMESTAMP":"2025-05-11T15:12:12.879Z","BUFFER":"2B5243563A3131312C04030401FAA6F8F4DC"}
{"DTUID":"111","SENSORID":4,"FUNCID":3,"NDATA":2,"SENSORTYPE":"PWR-METER-POWER","RCV_BYTES":["01FA","A6F8"],"DATAS":[506,-22792],"DATAS1":[],"DATAS2":[],"TIMESTAMP":"2025-05-11T16:15:22.021Z","BUFFER":"2B5243563A3131312C04030401FAA6F8F4DC"}
{"DTUID":"111","SENSORID":4,"FUNCID":3,"NDATA":2,"SENSORTYPE":"PWR-METER-POWER","RCV_BYTES":["01FA","A6F8"],"DATAS":[506,-22792],"DATAS1":[],"DATAS2":[],"TIMESTAMP":"2025-05-11T16:25:21.281Z","BUFFER":"2B5243563A3131312C04030401FAA6F8F4DC"}
{"DTUID":"111","SENSORID":4,"FUNCID":3,"NDATA":2,"SENSORTYPE":"PWR-METER-POWER","RCV_BYTES":["01FA","A6F8"],"DATAS":[506,-22792],"DATAS1":[],"DATAS2":[],"TIMESTAMP":"2025-05-11T17:33:30.888Z","BUFFER":"2B5243563A3131312C04030401FAA6F8F4DC"}
{"DTUID":"111","SENSORID":4,"FUNCID":3,"NDATA":2,"SENSORTYPE":"PWR-METER-POWER","RCV_BYTES":["01FA","A6F8"],"DATAS":[506,-22792],"DATAS1":[],"DATAS2":[],"TIMESTAMP":"2025-05-11T17:58:41.768Z","BUFFER":"2B5243563A3131312C04030401FAA6F8F4DC"}
{"DTUID":"111","SENSORID":4,"FUNCID":3,"NDATA":2,"SENSORTYPE":"PWR-METER-POWER","RCV_BYTES":["01FA","A6F8"],"DATAS":[506,-22792],"DATAS1":[],"DATAS2":[],"TIMESTAMP":"2025-05-11T18:08:42.538Z","BUFFER":"2B5243563A3131312C04030401FAA6F8F4DC"}
{"DTUID":"111","SENSORID":4,"FUNCID":3,"NDATA":2,"SENSORTYPE":"PWR-METER-POWER","RCV_BYTES":["01FA","A6F8"],"DATAS":[506,-22792],"DATAS1":[],"DATAS2":[],"TIMESTAMP":"2025-05-11T18:18:41.906Z","BUFFER":"2B5243563A3131312C04030401FAA6F8F4DC"}
{"DTUID":"111","SENSORID":4,"FUNCID":3,"NDATA":2,"SENSORTYPE":"PWR-METER-POWER","RCV_BYTES":["01FA","A6F8"],"DATAS":[506,-22792],"DATAS1":[],"DATAS2":[],"TIMESTAMP":"2025-05-11T18:28:42.164Z","BUFFER":"2B5243563A3131312C04030401FAA6F8F4DC"}
{"DTUID":"111","SENSORID":4,"FUNCID":3,"NDATA":2,"SENSORTYPE":"PWR-METER-POWER","RCV_BYTES":["01FB","41D0"],"DATAS":[507,16848],"DATAS1":[],"DATAS2":[],"TIMESTAMP":"2025-05-12T13:04:30.035Z","BUFFER":"2B5243563A3131312C04030401FB41D0EEF2"}
{"DTUID":"111","SENSORID":4,"FUNCID":3,"NDATA":2,"SENSORTYPE":"PWR-METER-POWER","RCV_BYTES":["01FB","41D0"],"DATAS":[507,16848],"DATAS1":[],"DATAS2":[],"TIMESTAMP":"2025-05-12T13:14:30.898Z","BUFFER":"2B5243563A3131312C04030401FB41D0EEF2"}
{"DTUID":"111","SENSORID":4,"FUNCID":3,"NDATA":2,"SENSORTYPE":"PWR-METER-POWER","RCV_BYTES":["01FB","41D0"],"DATAS":[507,16848],"DATAS1":[],"DATAS2":[],"TIMESTAMP":"2025-05-12T15:04:24.192Z","BUFFER":"2B5243563A3131312C04030401FB41D0EEF2"}
{"DTUID":"111","SENSORID":4,"FUNCID":3,"NDATA":2,"SENSORTYPE":"PWR-METER-POWER","RCV_BYTES":["01FB","41D0"],"DATAS":[507,16848],"DATAS1":[],"DATAS2":[],"TIMESTAMP":"2025-05-12T17:15:50.152Z","BUFFER":"2B5243563A3131312C04030401FB41D0EEF2"}
{"DTUID":"111","SENSORID":4,"FUNCID":3,"NDATA":2,"SENSORTYPE":"PWR-METER-POWER","RCV_BYTES":["01FB","41D0"],"DATAS":[507,16848],"DATAS1":[],"DATAS2":[],"TIMESTAMP":"2025-05-12T17:25:51.372Z","BUFFER":"2B5243563A3131312C04030401FB41D0EEF2"}
{"DTUID":"111","SENSORID":4,"FUNCID":3,"NDATA":2,"SENSORTYPE":"PWR-METER-POWER","RCV_BYTES":["01FB","41D0"],"DATAS":[507,16848],"DATAS1":[],"DATAS2":[],"TIMESTAMP":"2025-05-12T17:35:51.296Z","BUFFER":"2B5243563A3131312C04030401FB41D0EEF2"}
{"DTUID":"111","SENSORID":4,"FUNCID":3,"NDATA":2,"SENSORTYPE":"PWR-METER-POWER","RCV_BYTES":["01FB","41D0"],"DATAS":[507,16848],"DATAS1":[],"DATAS2":[],"TIMESTAMP":"2025-05-12T17:55:50.114Z","BUFFER":"2B5243563A3131312C04030401FB41D0EEF2"}
{"DTUID":"111","SENSORID":4,"FUNCID":3,"NDATA":2,"SENSORTYPE":"PWR-METER-POWER","RCV_BYTES":["01FB","41D0"],"DATAS":[507,16848],"DATAS1":[],"DATAS2":[],"TIMESTAMP":"2025-05-13T11:44:28.552Z","BUFFER":"2B5243563A3131312C04030401FB41D0EEF2"}
{"DTUID":"111","SENSORID":4,"FUNCID":3,"NDATA":2,"SENSORTYPE":"PWR-METER-POWER","RCV_BYTES":["01FB","41D0"],"DATAS":[507,16848],"DATAS1":[],"DATAS2":[],"TIMESTAMP":"2025-05-13T12:04:30.097Z","BUFFER":"2B5243563A3131312C04030401FB41D0EEF2"}
{"DTUID":"111","SENSORID":4,"FUNCID":3,"NDATA":2,"SENSORTYPE":"PWR-METER-POWER","RCV_BYTES":["01FB","41D0"],"DATAS":[507,16848],"DATAS1":[],"DATAS2":[],"TIMESTAMP":"2025-05-13T13:28:06.082Z","BUFFER":"2B5243563A3131312C04030401FB41D0EEF2"}
{"DTUID":"111","SENSORID":4,"FUNCID":3,"NDATA":2,"SENSORTYPE":"PWR-METER-POWER","RCV_BYTES":["01FB","41D0"],"DATAS":[507,16848],"DATAS1":[],"DATAS2":[],"TIMESTAMP":"2025-05-13T13:38:06.292Z","BUFFER":"2B5243563A3131312C04030401FB41D0EEF2"}
{"DTUID":"111","SENSORID":4,"FUNCID":3,"NDATA":2,"SENSORTYPE":"PWR-METER-POWER","RCV_BYTES":["01FB","41D0"],"DATAS":[507,16848],"DATAS1":[],"DATAS2":[],"TIMESTAMP":"2025-05-13T14:17:52.996Z","BUFFER":"2B5243563A3131312C04030401FB41D0EEF2"}
{"DTUID":"111","SENSORID":4,"FUNCID":3,"NDATA":2,"SENSORTYPE":"PWR-METER-POWER","RCV_BYTES":["01FB","41D0"],"DATAS":[507,16848],"DATAS1":[],"DATAS2":[],"TIMESTAMP":"2025-05-14T13:00:35.771Z","BUFFER":"2B5243563A3131312C04030401FB41D0EEF2"}
{"DTUID":"111","SENSORID":4,"FUNCID":3,"NDATA":2,"SENSORTYPE":"PWR-METER-POWER","RCV_BYTES":["01FB","41D0"],"DATAS":[507,16848],"DATAS1":[],"DATAS2":[],"TIMESTAMP":"2025-05-14T13:10:39.292Z","BUFFER":"2B5243563A3131312C04030401FB41D0EEF2"}
{"DTUID":"111","SENSORID":4,"FUNCID":3,"NDATA":2,"SENSORTYPE":"PWR-METER-POWER","RCV_BYTES":["01FB","41D0"],"DATAS":[507,16848],"DATAS1":[],"DATAS2":[],"TIMESTAMP":"2025-05-14T13:37:42.537Z","BUFFER":"2B5243563A3131312C04030401FB41D0EEF2"}
{"DTUID":"111","SENSORID":4,"FUNCID":3,"NDATA":2,"SENSORTYPE":"PWR-METER-POWER","RCV_BYTES":["01FB","41D0"],"DATAS":[507,16848],"DATAS1":[],"DATAS2":[],"TIMESTAMP":"2025-05-14T17:04:46.502Z","BUFFER":"2B5243563A3131312C04030401FB41D0EEF2"}
{"DTUID":"111","SENSORID":4,"FUNCID":3,"NDATA":2,"SENSORTYPE":"PWR-METER-POWER","RCV_BYTES":["01FB","41D0"],"DATAS":[507,16848],"DATAS1":[],"DATAS2":[],"TIMESTAMP":"2025-05-14T17:14:47.326Z","BUFFER":"2B5243563A3131312C04030401FB41D0EEF2"}
{"DTUID":"111","SENSORID":4,"FUNCID":3,"NDATA":2,"SENSORTYPE":"PWR-METER-POWER","RCV_BYTES":["01FB","41D0"],"DATAS":[507,16848],"DATAS1":[],"DATAS2":[],"TIMESTAMP":"2025-05-14T17:49:25.441Z","BUFFER":"2B5243563A3131312C04030401FB41D0EEF2"}
{"DTUID":"111","SENSORID":4,"FUNCID":3,"NDATA":2,"SENSORTYPE":"PWR-METER-POWER","RCV_BYTES":["01FB","41D0"],"DATAS":[507,16848],"DATAS1":[],"DATAS2":[],"TIMESTAMP":"2025-05-14T17:59:26.694Z","BUFFER":"2B5243563A3131312C04030401FB41D0EEF2"}
{"DTUID":"111","SENSORID":4,"FUNCID":3,"NDATA":2,"SENSORTYPE":"PWR-METER-POWER","RCV_BYTES":["01FB","41D0"],"DATAS":[507,16848],"DATAS1":[],"DATAS2":[],"TIMESTAMP":"2025-05-14T18:09:25.210Z","BUFFER":"2B5243563A3131312C04030401FB41D0EEF2"}
{"DTUID":"111","SENSORID":4,"FUNCID":3,"NDATA":2,"SENSORTYPE":"PWR-METER-POWER","RCV_BYTES":["01FB","41D0"],"DATAS":[507,16848],"DATAS1":[],"DATAS2":[],"TIMESTAMP":"2025-05-14T18:19:25.503Z","BUFFER":"2B5243563A3131312C04030401FB41D0EEF2"}
{"DTUID":"111","SENSORID":4,"FUNCID":3,"NDATA":2,"SENSORTYPE":"PWR-METER-POWER","RCV_BYTES":["01FB","41D0"],"DATAS":[507,16848],"DATAS1":[],"DATAS2":[],"TIMESTAMP":"2025-05-14T18:29:25.122Z","BUFFER":"2B5243563A3131312C04030401FB41D0EEF2"}
{"DTUID":"111","SENSORID":4,"FUNCID":3,"NDATA":2,"SENSORTYPE":"PWR-METER-POWER","RCV_BYTES":["01FB","41D0"],"DATAS":[507,16848],"DATAS1":[],"DATAS2":[],"TIMESTAMP":"2025-05-17T11:50:58.677Z","BUFFER":"2B5243563A3131312C04030401FB41D0EEF2"}
{"DTUID":"111","SENSORID":4,"FUNCID":3,"NDATA":2,"SENSORTYPE":"PWR-METER-POWER","RCV_BYTES":["01FB","41D0"],"DATAS":[507,16848],"DATAS1":[],"DATAS2":[],"TIMESTAMP":"2025-05-17T12:00:58.576Z","BUFFER":"2B5243563A3131312C04030401FB41D0EEF2"}
{"DTUID":"111","SENSORID":4,"FUNCID":3,"NDATA":2,"SENSORTYPE":"PWR-METER-POWER","RCV_BYTES":["01FB","41D0"],"DATAS":[507,16848],"DATAS1":[],"DATAS2":[],"TIMESTAMP":"2025-05-17T12:21:00.868Z","BUFFER":"2B5243563A3131312C04030401FB41D0EEF2"}
{"DTUID":"111","SENSORID":4,"FUNCID":3,"NDATA":2,"SENSORTYPE":"PWR-METER-POWER","RCV_BYTES":["01FC","99E8"],"DATAS":[508,-26136],"DATAS1":[],"DATAS2":[],"TIMESTAMP":"2025-05-19T12:40:28.008Z","BUFFER":"2B5243563A3131312C04030401FC99E804E1"}
{"DTUID":"111","SENSORID":4,"FUNCID":3,"NDATA":2,"SENSORTYPE":"PWR-METER-POWER","RCV_BYTES":["01FC","A07B"],"DATAS":[508,-24453],"DATAS1":[],"DATAS2":[],"TIMESTAMP":"2025-05-19T13:03:14.289Z","BUFFER":"2B5243563A3131312C04030401FCA07B56DC"}
{"DTUID":"111","SENSORID":4,"FUNCID":3,"NDATA":2,"SENSORTYPE":"PWR-METER-POWER","RCV_BYTES":["01FC","A61D"],"DATAS":[508,-23011],"DATAS1":[],"DATAS2":[],"TIMESTAMP":"2025-05-19T13:23:05.478Z","BUFFER":"2B5243563A3131312C04030401FCA61DD556"}
{"DTUID":"111","SENSORID":4,"FUNCID":3,"NDATA":2,"SENSORTYPE":"PWR-METER-POWER","RCV_BYTES":["01FC","AA7B"],"DATAS":[508,-21893],"DATAS1":[],"DATAS2":[],"TIMESTAMP":"2025-05-19T13:38:49.187Z","BUFFER":"2B5243563A3131312C04030401FCAA7B507C"}
{"DTUID":"111","SENSORID":4,"FUNCID":3,"NDATA":2,"SENSORTYPE":"PWR-METER-POWER","RCV_BYTES":["01FC","AD33"],"DATAS":[508,-21197],"DATAS1":[],"DATAS2":[],"TIMESTAMP":"2025-05-19T13:48:48.878Z","BUFFER":"2B5243563A3131312C04030401FCAD33527A"}
{"DTUID":"111","SENSORID":4,"FUNCID":3,"NDATA":2,"SENSORTYPE":"PWR-METER-POWER","RCV_BYTES":["01FC","BAC6"],"DATAS":[508,-17722],"DATAS1":[],"DATAS2":[],"TIMESTAMP":"2025-05-19T14:40:02.339Z","BUFFER":"2B5243563A3131312C04030401FCBAC69DCD"}
{"DTUID":"111","SENSORID":4,"FUNCID":3,"NDATA":2,"SENSORTYPE":"PWR-METER-POWER","RCV_BYTES":["01FC","BD6E"],"DATAS":[508,-17042],"DATAS1":[],"DATAS2":[],"TIMESTAMP":"2025-05-19T14:50:01.987Z","BUFFER":"2B5243563A3131312C04030401FCBD6E9E43"}
{"DTUID":"111","SENSORID":4,"FUNCID":3,"NDATA":2,"SENSORTYPE":"PWR-METER-POWER","RCV_BYTES":["01FC","C669"],"DATAS":[508,-14743],"DATAS1":[],"DATAS2":[],"TIMESTAMP":"2025-05-19T15:23:17.323Z","BUFFER":"2B5243563A3131312C04030401FCC669FD71"}
{"DTUID":"111","SENSORID":4,"FUNCID":3,"NDATA":2,"SENSORTYPE":"PWR-METER-POWER","RCV_BYTES":["01FC","C947"],"DATAS":[508,-14009],"DATAS1":[],"DATAS2":[],"TIMESTAMP":"2025-05-19T15:33:19.123Z","BUFFER":"2B5243563A3131312C04030401FCC947789D"}
{"DTUID":"111","SENSORID":4,"FUNCID":3,"NDATA":2,"SENSORTYPE":"PWR-METER-POWER","RCV_BYTES":["01FE","1EE0"],"DATAS":[510,7904],"DATAS1":[],"DATAS2":[],"TIMESTAMP":"2025-05-20T12:07:00.771Z","BUFFER":"2B5243563A3131312C04030401FE1EE0C717"}
{"DTUID":"111","SENSORID":4,"FUNCID":3,"NDATA":2,"SENSORTYPE":"PWR-METER-POWER","RCV_BYTES":["01FE","290E"],"DATAS":[510,10510],"DATAS1":[],"DATAS2":[],"TIMESTAMP":"2025-05-20T12:42:13.609Z","BUFFER":"2B5243563A3131312C04030401FE290E516B"}
{"DTUID":"111","SENSORID":4,"FUNCID":3,"NDATA":2,"SENSORTYPE":"PWR-METER-POWER","RCV_BYTES":["01FE","3271"],"DATAS":[510,12913],"DATAS1":[],"DATAS2":[],"TIMESTAMP":"2025-05-20T13:14:39.232Z","BUFFER":"2B5243563A3131312C04030401FE32711A7B"}
{"DTUID":"111","SENSORID":4,"FUNCID":3,"NDATA":2,"SENSORTYPE":"PWR-METER-POWER","RCV_BYTES":["01FE","4139"],"DATAS":[510,16697],"DATAS1":[],"DATAS2":[],"TIMESTAMP":"2025-05-20T14:11:49.224Z","BUFFER":"2B5243563A3131312C04030401FE41393F7D"}
{"DTUID":"111","SENSORID":4,"FUNCID":3,"NDATA":2,"SENSORTYPE":"PWR-METER-POWER","RCV_BYTES":["01FE","4E0E"],"DATAS":[510,19982],"DATAS1":[],"DATAS2":[],"TIMESTAMP":"2025-05-20T15:01:46.482Z","BUFFER":"2B5243563A3131312C04030401FE4E0E7B5B"}
{"DTUID":"111","SENSORID":4,"FUNCID":3,"NDATA":2,"SENSORTYPE":"PWR-METER-POWER","RCV_BYTES":["01FE","5151"],"DATAS":[510,20817],"DATAS1":[],"DATAS2":[],"TIMESTAMP":"2025-05-20T15:14:07.188Z","BUFFER":"2B5243563A3131312C04030401FE51513353"}
{"DTUID":"111","SENSORID":4,"FUNCID":3,"NDATA":2,"SENSORTYPE":"PWR-METER-POWER","RCV_BYTES":["01FE","53F5"],"DATAS":[510,21493],"DATAS1":[],"DATAS2":[],"TIMESTAMP":"2025-05-20T15:24:07.794Z","BUFFER":"2B5243563A3131312C04030401FE53F53388"}
{"DTUID":"111","SENSORID":4,"FUNCID":3,"NDATA":2,"SENSORTYPE":"PWR-METER-POWER","RCV_BYTES":["01FE","5B7C"],"DATAS":[510,23420],"DATAS1":[],"DATAS2":[],"TIMESTAMP":"2025-05-20T15:53:18.864Z","BUFFER":"2B5243563A3131312C04030401FE5B7CF5EE"}
{"DTUID":"111","SENSORID":4,"FUNCID":3,"NDATA":2,"SENSORTYPE":"PWR-METER-POWER","RCV_BYTES":["01FE","5E16"],"DATAS":[510,24086],"DATAS1":[],"DATAS2":[],"TIMESTAMP":"2025-05-20T16:03:18.415Z","BUFFER":"2B5243563A3131312C04030401FE5E167691"}
{"DTUID":"111","SENSORID":4,"FUNCID":3,"NDATA":2,"SENSORTYPE":"PWR-METER-POWER","RCV_BYTES":["01FE","60A4"],"DATAS":[510,24740],"DATAS1":[],"DATAS2":[],"TIMESTAMP":"2025-05-20T16:13:18.700Z","BUFFER":"2B5243563A3131312C04030401FE60A4E684"}
{"DTUID":"111","SENSORID":4,"FUNCID":3,"NDATA":2,"SENSORTYPE":"PWR-METER-POWER","RCV_BYTES":["01FE","6325"],"DATAS":[510,25381],"DATAS1":[],"DATAS2":[],"TIMESTAMP":"2025-05-20T16:23:18.620Z","BUFFER":"2B5243563A3131312C04030401FE63252614"}
{"DTUID":"111","SENSORID":4,"FUNCID":3,"NDATA":2,"SENSORTYPE":"PWR-METER-POWER","RCV_BYTES":["01FE","683F"],"DATAS":[510,26687],"DATAS1":[],"DATAS2":[],"TIMESTAMP":"2025-05-20T16:43:56.723Z","BUFFER":"2B5243563A3131312C04030401FE683FA0EF"}
{"DTUID":"111","SENSORID":4,"FUNCID":3,"NDATA":2,"SENSORTYPE":"PWR-METER-POWER","RCV_BYTES":["01FE","6AA5"],"DATAS":[510,27301],"DATAS1":[],"DATAS2":[],"TIMESTAMP":"2025-05-20T16:53:57.283Z","BUFFER":"2B5243563A3131312C04030401FE6AA521E4"}
{"DTUID":"111","SENSORID":4,"FUNCID":3,"NDATA":2,"SENSORTYPE":"PWR-METER-POWER","RCV_BYTES":["01FE","6D10"],"DATAS":[510,27920],"DATAS1":[],"DATAS2":[],"TIMESTAMP":"2025-05-20T17:03:56.696Z","BUFFER":"2B5243563A3131312C04030401FE6D10E263"}
{"DTUID":"111","SENSORID":4,"FUNCID":3,"NDATA":2,"SENSORTYPE":"PWR-METER-POWER","RCV_BYTES":["01FE","6F92"],"DATAS":[510,28562],"DATAS1":[],"DATAS2":[],"TIMESTAMP":"2025-05-20T17:13:57.276Z","BUFFER":"2B5243563A3131312C04030401FE6F926362"}
{"DTUID":"111","SENSORID":4,"FUNCID":3,"NDATA":2,"SENSORTYPE":"PWR-METER-POWER","RCV_BYTES":["01FE","7225"],"DATAS":[510,29221],"DATAS1":[],"DATAS2":[],"TIMESTAMP":"2025-05-20T17:23:56.714Z","BUFFER":"2B5243563A3131312C04030401FE72252A44"}
{"DTUID":"111","SENSORID":4,"FUNCID":3,"NDATA":2,"SENSORTYPE":"PWR-METER-POWER","RCV_BYTES":["01FE","74A7"],"DATAS":[510,29863],"DATAS1":[],"DATAS2":[],"TIMESTAMP":"2025-05-20T17:33:57.206Z","BUFFER":"2B5243563A3131312C04030401FE74A7A985"}
{"DTUID":"111","SENSORID":4,"FUNCID":3,"NDATA":2,"SENSORTYPE":"PWR-METER-POWER","RCV_BYTES":["01FE","7724"],"DATAS":[510,30500],"DATAS1":[],"DATAS2":[],"TIMESTAMP":"2025-05-20T17:43:56.706Z","BUFFER":"2B5243563A3131312C04030401FE7724E8D4"}
{"DTUID":"111","SENSORID":4,"FUNCID":3,"NDATA":2,"SENSORTYPE":"PWR-METER-POWER","RCV_BYTES":["01FE","7992"],"DATAS":[510,31122],"DATAS1":[],"DATAS2":[],"TIMESTAMP":"2025-05-20T17:53:57.378Z","BUFFER":"2B5243563A3131312C04030401FE79926D02"}
{"DTUID":"111","SENSORID":4,"FUNCID":3,"NDATA":2,"SENSORTYPE":"PWR-METER-POWER","RCV_BYTES":["01FE","7C01"],"DATAS":[510,31745],"DATAS1":[],"DATAS2":[],"TIMESTAMP":"2025-05-20T18:03:56.860Z","BUFFER":"2B5243563A3131312C04030401FE7C012E3F"}
{"DTUID":"111","SENSORID":4,"FUNCID":3,"NDATA":2,"SENSORTYPE":"PWR-METER-POWER","RCV_BYTES":["01FE","7E46"],"DATAS":[510,32326],"DATAS1":[],"DATAS2":[],"TIMESTAMP":"2025-05-20T18:13:57.267Z","BUFFER":"2B5243563A3131312C04030401FE7E466F6D"}
{"DTUID":"111","SENSORID":4,"FUNCID":3,"NDATA":2,"SENSORTYPE":"PWR-METER-POWER","RCV_BYTES":["01FE","807A"],"DATAS":[510,-32646],"DATAS1":[],"DATAS2":[],"TIMESTAMP":"2025-05-20T18:23:56.738Z","BUFFER":"2B5243563A3131312C04030401FE807A2F1C"}
{"DTUID":"111","SENSORID":4,"FUNCID":3,"NDATA":2,"SENSORTYPE":"PWR-METER-POWER","RCV_BYTES":["01FE","8297"],"DATAS":[510,-32105],"DATAS1":[],"DATAS2":[],"TIMESTAMP":"2025-05-20T18:33:57.386Z","BUFFER":"2B5243563A3131312C04030401FE8297EE31"}
{"DTUID":"111","SENSORID":4,"FUNCID":3,"NDATA":2,"SENSORTYPE":"PWR-METER-POWER","RCV_BYTES":["01FE","84CB"],"DATAS":[510,-31541],"DATAS1":[],"DATAS2":[],"TIMESTAMP":"2025-05-20T18:43:56.859Z","BUFFER":"2B5243563A3131312C04030401FE84CBEDA8"}
{"DTUID":"111","SENSORID":4,"FUNCID":3,"NDATA":2,"SENSORTYPE":"PWR-METER-POWER","RCV_BYTES":["01FF","8D0A"],"DATAS":[511,-29430],"DATAS1":[],"DATAS2":[],"TIMESTAMP":"2025-05-21T10:04:00.981Z","BUFFER":"2B5243563A3131312C04030401FF8D0A7BA8"}
{"DTUID":"111","SENSORID":4,"FUNCID":3,"NDATA":2,"SENSORTYPE":"PWR-METER-POWER","RCV_BYTES":["01FF","A98F"],"DATAS":[511,-22129],"DATAS1":[],"DATAS2":[],"TIMESTAMP":"2025-05-21T12:00:21.518Z","BUFFER":"2B5243563A3131312C04030401FFA98FA10B"}
{"DTUID":"111","SENSORID":4,"FUNCID":3,"NDATA":2,"SENSORTYPE":"PWR-METER-POWER","RCV_BYTES":["01FF","ADDA"],"DATAS":[511,-21030],"DATAS1":[],"DATAS2":[],"TIMESTAMP":"2025-05-21T12:16:47.928Z","BUFFER":"2B5243563A3131312C04030401FFADDA63F4"}
{"DTUID":"111","SENSORID":4,"FUNCID":3,"NDATA":2,"SENSORTYPE":"PWR-METER-POWER","RCV_BYTES":["01FF","B065"],"DATAS":[511,-20379],"DATAS1":[],"DATAS2":[],"TIMESTAMP":"2025-05-21T12:26:49.872Z","BUFFER":"2B5243563A3131312C04030401FFB0652B14"}
{"DTUID":"111","SENSORID":4,"FUNCID":3,"NDATA":2,"SENSORTYPE":"PWR-METER-POWER","RCV_BYTES":["01FF","B570"],"DATAS":[511,-19088],"DATAS1":[],"DATAS2":[],"TIMESTAMP":"2025-05-21T12:46:45.100Z","BUFFER":"2B5243563A3131312C04030401FFB570E98B"}
{"DTUID":"111","SENSORID":4,"FUNCID":3,"NDATA":2,"SENSORTYPE":"PWR-METER-POWER","RCV_BYTES":["01FF","BD34"],"DATAS":[511,-17100],"DATAS1":[],"DATAS2":[],"TIMESTAMP":"2025-05-21T13:16:43.733Z","BUFFER":"2B5243563A3131312C04030401FFBD34EE78"}
{"DTUID":"111","SENSORID":4,"FUNCID":3,"NDATA":2,"SENSORTYPE":"PWR-METER-POWER","RCV_BYTES":["0200","BBCB"],"DATAS":[512,-17461],"DATAS1":[],"DATAS2":[],"TIMESTAMP":"2025-05-22T04:16:48.268Z","BUFFER":"2B5243563A3131312C0403040200BBCB9DEC"}
{"DTUID":"111","SENSORID":4,"FUNCID":3,"NDATA":2,"SENSORTYPE":"PWR-METER-POWER","RCV_BYTES":["0200","C219"],"DATAS":[512,-15847],"DATAS1":[],"DATAS2":[],"TIMESTAMP":"2025-05-22T04:35:50.092Z","BUFFER":"2B5243563A3131312C0403040200C2193E21"}
{"DTUID":"111","SENSORID":4,"FUNCID":3,"NDATA":2,"SENSORTYPE":"PWR-METER-POWER","RCV_BYTES":["0200","C551"],"DATAS":[512,-15023],"DATAS1":[],"DATAS2":[],"TIMESTAMP":"2025-05-22T04:45:50.395Z","BUFFER":"2B5243563A3131312C0403040200C5513C27"}
{"DTUID":"111","SENSORID":4,"FUNCID":3,"NDATA":2,"SENSORTYPE":"PWR-METER-POWER","RCV_BYTES":["0202","6AD8"],"DATAS":[514,27352],"DATAS1":[],"DATAS2":[],"TIMESTAMP":"2025-05-23T05:04:27.498Z","BUFFER":"2B5243563A3131312C04030402026AD821B1"}
{"DTUID":"111","SENSORID":4,"FUNCID":3,"NDATA":2,"SENSORTYPE":"PWR-METER-POWER","RCV_BYTES":["0202","6D84"],"DATAS":[514,28036],"DATAS1":[],"DATAS2":[],"TIMESTAMP":"2025-05-23T05:14:32.598Z","BUFFER":"2B5243563A3131312C04030402026D8423B8"}
{"DTUID":"111","SENSORID":4,"FUNCID":3,"NDATA":2,"SENSORTYPE":"PWR-METER-POWER","RCV_BYTES":["0206","15BD"],"DATAS":[518,5565],"DATAS1":[],"DATAS2":[],"TIMESTAMP":"2025-05-26T15:56:12.968Z","BUFFER":"2B5243563A3131312C040304020615BD806B"}
{"DTUID":"111","SENSORID":4,"FUNCID":3,"NDATA":2,"SENSORTYPE":"PWR-METER-POWER","RCV_BYTES":["0206","18AB"],"DATAS":[518,6315],"DATAS1":[],"DATAS2":[],"TIMESTAMP":"2025-05-26T16:06:13.608Z","BUFFER":"2B5243563A3131312C040304020618AB0535"}
{"DTUID":"111","SENSORID":4,"FUNCID":3,"NDATA":2,"SENSORTYPE":"PWR-METER-POWER","RCV_BYTES":["0208","5482"],"DATAS":[520,21634],"DATAS1":[],"DATAS2":[],"TIMESTAMP":"2025-05-27T23:59:49.703Z","BUFFER":"2B5243563A3131312C0403040208548291E8"}
{"DTUID":"111","SENSORID":4,"FUNCID":3,"NDATA":2,"SENSORTYPE":"PWR-METER-POWER","RCV_BYTES":["0209","BA28"],"DATAS":[521,-17880],"DATAS1":[],"DATAS2":[],"TIMESTAMP":"2025-05-28T18:29:58.286Z","BUFFER":"2B5243563A3131312C0403040209BA280DF7"}
{"DTUID":"111","SENSORID":4,"FUNCID":3,"NDATA":2,"SENSORTYPE":"PWR-METER-POWER","RCV_BYTES":["020C","7AB5"],"DATAS":[524,31413],"DATAS1":[],"DATAS2":[],"TIMESTAMP":"2025-05-30T09:15:56.419Z","BUFFER":"2B5243563A3131312C040304020C7AB58C5F"}
{"DTUID":"111","SENSORID":4,"FUNCID":3,"NDATA":2,"SENSORTYPE":"PWR-METER-POWER","RCV_BYTES":["020D","E768"],"DATAS":[525,-6296],"DATAS1":[],"DATAS2":[],"TIMESTAMP":"2025-05-31T05:25:59.199Z","BUFFER":"2B5243563A3131312C040304020DE7687556"}
{"DTUID":"111","SENSORID":4,"FUNCID":3,"NDATA":2,"SENSORTYPE":"PWR-METER-POWER","RCV_BYTES":["020E","A220"],"DATAS":[526,-24032],"DATAS1":[],"DATAS2":[],"TIMESTAMP":"2025-06-01T16:05:59.897Z","BUFFER":"2B5243563A3131312C040304020EA220B7F0"}
{"DTUID":"111","SENSORID":4,"FUNCID":3,"NDATA":2,"SENSORTYPE":"PWR-METER-POWER","RCV_BYTES":["020E","A220"],"DATAS":[526,-24032],"DATAS1":[],"DATAS2":[],"TIMESTAMP":"2025-06-01T18:06:00.113Z","BUFFER":"2B5243563A3131312C040304020EA220B7F0"}
{"DTUID":"111","SENSORID":4,"FUNCID":3,"NDATA":2,"SENSORTYPE":"PWR-METER-POWER","RCV_BYTES":["020E","A220"],"DATAS":[526,-24032],"DATAS1":[],"DATAS2":[],"TIMESTAMP":"2025-06-02T04:15:33.536Z","BUFFER":"2B5243563A3131312C040304020EA220B7F0"}
{"DTUID":"111","SENSORID":4,"FUNCID":3,"NDATA":2,"SENSORTYPE":"PWR-METER-POWER","RCV_BYTES":["020E","A220"],"DATAS":[526,-24032],"DATAS1":[],"DATAS2":[],"TIMESTAMP":"2025-06-02T12:06:48.479Z","BUFFER":"2B5243563A3131312C040304020EA220B7F0"}
{"DTUID":"111","SENSORID":4,"FUNCID":3,"NDATA":2,"SENSORTYPE":"PWR-METER-POWER","RCV_BYTES":["020E","A7DA"],"DATAS":[526,-22566],"DATAS1":[],"DATAS2":[],"TIMESTAMP":"2025-06-03T00:07:49.594Z","BUFFER":"2B5243563A3131312C040304020EA7DA34E3"}
{"DTUID":"111","SENSORID":4,"FUNCID":3,"NDATA":2,"SENSORTYPE":"PWR-METER-POWER","RCV_BYTES":["020F","064B"],"DATAS":[527,1611],"DATAS1":[],"DATAS2":[],"TIMESTAMP":"2025-06-03T06:18:15.956Z","BUFFER":"2B5243563A3131312C040304020F064BDD1F"}
{"DTUID":"111","SENSORID":4,"FUNCID":3,"NDATA":2,"SENSORTYPE":"PWR-METER-POWER","RCV_BYTES":["020F","0F64"],"DATAS":[527,3940],"DATAS1":[],"DATAS2":[],"TIMESTAMP":"2025-06-03T07:00:32.538Z","BUFFER":"2B5243563A3131312C040304020F0F649A93"}
{"DTUID":"111","SENSORID":4,"FUNCID":3,"NDATA":2,"SENSORTYPE":"PWR-METER-POWER","RCV_BYTES":["020F","339E"],"DATAS":[527,13214],"DATAS1":[],"DATAS2":[],"TIMESTAMP":"2025-06-03T09:37:26.818Z","BUFFER":"2B5243563A3131312C040304020F339E0BD0"}
{"DTUID":"111","SENSORID":4,"FUNCID":3,"NDATA":2,"SENSORTYPE":"PWR-METER-POWER","RCV_BYTES":["020F","5D8D"],"DATAS":[527,23949],"DATAS1":[],"DATAS2":[],"TIMESTAMP":"2025-06-03T13:11:26.051Z","BUFFER":"2B5243563A3131312C040304020F5D8D667D"}
{"DTUID":"111","SENSORID":4,"FUNCID":3,"NDATA":2,"SENSORTYPE":"PWR-METER-POWER","RCV_BYTES":["020F","6141"],"DATAS":[527,24897],"DATAS1":[],"DATAS2":[],"TIMESTAMP":"2025-06-03T13:31:26.090Z","BUFFER":"2B5243563A3131312C040304020F61417728"}
{"DTUID":"111","SENSORID":4,"FUNCID":3,"NDATA":2,"SENSORTYPE":"PWR-METER-POWER","RCV_BYTES":["020F","6303"],"DATAS":[527,25347],"DATAS1":[],"DATAS2":[],"TIMESTAMP":"2025-06-03T13:41:26.169Z","BUFFER":"2B5243563A3131312C040304020F6303F679"}
{"DTUID":"111","SENSORID":4,"FUNCID":3,"NDATA":2,"SENSORTYPE":"PWR-METER-POWER","RCV_BYTES":["020F","64F9"],"DATAS":[527,25849],"DATAS1":[],"DATAS2":[],"TIMESTAMP":"2025-06-03T13:52:29.240Z","BUFFER":"2B5243563A3131312C040304020F64F9740A"}
{"DTUID":"111","SENSORID":4,"FUNCID":3,"NDATA":2,"SENSORTYPE":"PWR-METER-POWER","RCV_BYTES":["020F","666A"],"DATAS":[527,26218],"DATAS1":[],"DATAS2":[],"TIMESTAMP":"2025-06-03T14:01:26.200Z","BUFFER":"2B5243563A3131312C040304020F666A3507"}
{"DTUID":"111","SENSORID":4,"FUNCID":3,"NDATA":2,"SENSORTYPE":"PWR-METER-POWER","RCV_BYTES":["020F","67FA"],"DATAS":[527,26618],"DATAS1":[],"DATAS2":[],"TIMESTAMP":"2025-06-03T14:11:25.961Z","BUFFER":"2B5243563A3131312C040304020F67FA34FB"}
{"DTUID":"111","SENSORID":4,"FUNCID":3,"NDATA":2,"SENSORTYPE":"PWR-METER-POWER","RCV_BYTES":["020F","6999"],"DATAS":[527,27033],"DATAS1":[],"DATAS2":[],"TIMESTAMP":"2025-06-03T14:21:26.362Z","BUFFER":"2B5243563A3131312C040304020F699970B2"}
{"DTUID":"111","SENSORID":4,"FUNCID":3,"NDATA":2,"SENSORTYPE":"PWR-METER-POWER","RCV_BYTES":["0210","A278"],"DATAS":[528,-23944],"DATAS1":[],"DATAS2":[],"TIMESTAMP":"2025-06-05T04:31:27.020Z","BUFFER":"2B5243563A3131312C0403040210A278D60C"}
{"DTUID":"111","SENSORID":4,"FUNCID":3,"NDATA":2,"SENSORTYPE":"PWR-METER-POWER","RCV_BYTES":["0210","A278"],"DATAS":[528,-23944],"DATAS1":[],"DATAS2":[],"TIMESTAMP":"2025-06-07T02:41:28.117Z","BUFFER":"2B5243563A3131312C0403040210A278D60C"}
{"DTUID":"111","SENSORID":4,"FUNCID":3,"NDATA":2,"SENSORTYPE":"PWR-METER-POWER","RCV_BYTES":["0210","A278"],"DATAS":[528,-23944],"DATAS1":[],"DATAS2":[],"TIMESTAMP":"2025-06-07T03:13:25.647Z","BUFFER":"2B5243563A3131312C0403040210A278D60C"}
{"DTUID":"111","SENSORID":4,"FUNCID":3,"NDATA":2,"SENSORTYPE":"PWR-METER-POWER","RCV_BYTES":["0210","A278"],"DATAS":[528,-23944],"DATAS1":[],"DATAS2":[],"TIMESTAMP":"2025-06-07T03:28:17.190Z","BUFFER":"2B5243563A3131312C0403040210A278D60C"}
{"DTUID":"111","SENSORID":4,"FUNCID":3,"NDATA":2,"SENSORTYPE":"PWR-METER-POWER","RCV_BYTES":["0210","A278"],"DATAS":[528,-23944],"DATAS1":[],"DATAS2":[],"TIMESTAMP":"2025-06-07T03:38:15.930Z","BUFFER":"2B5243563A3131312C0403040210A278D60C"}
{"DTUID":"111","SENSORID":4,"FUNCID":3,"NDATA":2,"SENSORTYPE":"PWR-METER-POWER","RCV_BYTES":["0210","A278"],"DATAS":[528,-23944],"DATAS1":[],"DATAS2":[],"TIMESTAMP":"2025-06-07T07:16:26.604Z","BUFFER":"2B5243563A3131312C0403040210A278D60C"}
{"DTUID":"111","SENSORID":4,"FUNCID":3,"NDATA":2,"SENSORTYPE":"PWR-METER-POWER","RCV_BYTES":["0210","A278"],"DATAS":[528,-23944],"DATAS1":[],"DATAS2":[],"TIMESTAMP":"2025-06-07T07:26:26.565Z","BUFFER":"2B5243563A3131312C0403040210A278D60C"}
{"DTUID":"111","SENSORID":4,"FUNCID":3,"NDATA":2,"SENSORTYPE":"PWR-METER-POWER","RCV_BYTES":["0210","A278"],"DATAS":[528,-23944],"DATAS1":[],"DATAS2":[],"TIMESTAMP":"2025-06-07T08:04:16.786Z","BUFFER":"2B5243563A3131312C0403040210A278D60C"}
{"DTUID":"111","SENSORID":4,"FUNCID":3,"NDATA":2,"SENSORTYPE":"PWR-METER-POWER","RCV_BYTES":["0210","A278"],"DATAS":[528,-23944],"DATAS1":[],"DATAS2":[],"TIMESTAMP":"2025-06-07T08:14:15.989Z","BUFFER":"2B5243563A3131312C0403040210A278D60C"}
{"DTUID":"111","SENSORID":4,"FUNCID":3,"NDATA":2,"SENSORTYPE":"PWR-METER-POWER","RCV_BYTES":["0210","A278"],"DATAS":[528,-23944],"DATAS1":[],"DATAS2":[],"TIMESTAMP":"2025-06-07T08:24:15.971Z","BUFFER":"2B5243563A3131312C0403040210A278D60C"}
{"DTUID":"111","SENSORID":4,"FUNCID":3,"NDATA":2,"SENSORTYPE":"PWR-METER-POWER","RCV_BYTES":["0210","A278"],"DATAS":[528,-23944],"DATAS1":[],"DATAS2":[],"TIMESTAMP":"2025-06-07T08:34:16.030Z","BUFFER":"2B5243563A3131312C0403040210A278D60C"}
{"DTUID":"111","SENSORID":4,"FUNCID":3,"NDATA":2,"SENSORTYPE":"PWR-METER-POWER","RCV_BYTES":["0210","A278"],"DATAS":[528,-23944],"DATAS1":[],"DATAS2":[],"TIMESTAMP":"2025-06-07T08:44:16.775Z","BUFFER":"2B5243563A3131312C0403040210A278D60C"}
{"DTUID":"111","SENSORID":4,"FUNCID":3,"NDATA":2,"SENSORTYPE":"PWR-METER-POWER","RCV_BYTES":["0210","A278"],"DATAS":[528,-23944],"DATAS1":[],"DATAS2":[],"TIMESTAMP":"2025-06-07T08:54:16.002Z","BUFFER":"2B5243563A3131312C0403040210A278D60C"}
{"DTUID":"111","SENSORID":4,"FUNCID":3,"NDATA":2,"SENSORTYPE":"PWR-METER-POWER","RCV_BYTES":["0210","A278"],"DATAS":[528,-23944],"DATAS1":[],"DATAS2":[],"TIMESTAMP":"2025-06-07T09:04:15.993Z","BUFFER":"2B5243563A3131312C0403040210A278D60C"}
{"DTUID":"111","SENSORID":4,"FUNCID":3,"NDATA":2,"SENSORTYPE":"PWR-METER-POWER","RCV_BYTES":["0210","A278"],"DATAS":[528,-23944],"DATAS1":[],"DATAS2":[],"TIMESTAMP":"2025-06-07T09:14:15.932Z","BUFFER":"2B5243563A3131312C0403040210A278D60C"}

{"DTUID":"111","SENSORID":4,"FUNCID":3,"NDATA":2,"SENSORTYPE":"PWR-METER-POWER","RCV_BYTES":["0210","A278"],"DATAS":[528,-23944],"DATAS1":[],"DATAS2":[],"TIMESTAMP":"2025-06-07T14:33:03.503Z","BUFFER":"2B5243563A3131312C0403040210A278D60C"}
{"DTUID":"111","SENSORID":4,"FUNCID":3,"NDATA":2,"SENSORTYPE":"PWR-METER-POWER","RCV_BYTES":["0210","A278"],"DATAS":[528,-23944],"DATAS1":[],"DATAS2":[],"TIMESTAMP":"2025-06-07T14:42:58.583Z","BUFFER":"2B5243563A3131312C0403040210A278D60C"}
{"DTUID":"111","SENSORID":4,"FUNCID":3,"NDATA":2,"SENSORTYPE":"PWR-METER-POWER","RCV_BYTES":["0210","A278"],"DATAS":[528,-23944],"DATAS1":[],"DATAS2":[],"TIMESTAMP":"2025-06-07T14:59:39.804Z","BUFFER":"2B5243563A3131312C0403040210A278D60C"}
{"DTUID":"111","SENSORID":4,"FUNCID":3,"NDATA":2,"SENSORTYPE":"PWR-METER-POWER","RCV_BYTES":["0210","A278"],"DATAS":[528,-23944],"DATAS1":[],"DATAS2":[],"TIMESTAMP":"2025-06-07T15:09:35.363Z","BUFFER":"2B5243563A3131312C0403040210A278D60C"}
{"DTUID":"111","SENSORID":4,"FUNCID":3,"NDATA":2,"SENSORTYPE":"PWR-METER-POWER","RCV_BYTES":["0210","A278"],"DATAS":[528,-23944],"DATAS1":[],"DATAS2":[],"TIMESTAMP":"2025-06-07T16:09:34.131Z","BUFFER":"2B5243563A3131312C0403040210A278D60C"}
{"DTUID":"111","SENSORID":4,"FUNCID":3,"NDATA":2,"SENSORTYPE":"PWR-METER-POWER","RCV_BYTES":["0210","A278"],"DATAS":[528,-23944],"DATAS1":[],"DATAS2":[],"TIMESTAMP":"2025-06-07T17:51:56.861Z","BUFFER":"2B5243563A3131312C0403040210A278D60C"}
{"DTUID":"111","SENSORID":4,"FUNCID":3,"NDATA":2,"SENSORTYPE":"PWR-METER-POWER","RCV_BYTES":["0210","A278"],"DATAS":[528,-23944],"DATAS1":[],"DATAS2":[],"TIMESTAMP":"2025-06-07T18:01:57.082Z","BUFFER":"2B5243563A3131312C0403040210A278D60C"}
{"DTUID":"111","SENSORID":4,"FUNCID":3,"NDATA":2,"SENSORTYPE":"PWR-METER-POWER","RCV_BYTES":["0210","A278"],"DATAS":[528,-23944],"DATAS1":[],"DATAS2":[],"TIMESTAMP":"2025-06-07T18:11:56.945Z","BUFFER":"2B5243563A3131312C0403040210A278D60C"}
{"DTUID":"111","SENSORID":4,"FUNCID":3,"NDATA":2,"SENSORTYPE":"PWR-METER-POWER","RCV_BYTES":["0210","A278"],"DATAS":[528,-23944],"DATAS1":[],"DATAS2":[],"TIMESTAMP":"2025-06-07T18:21:56.854Z","BUFFER":"2B5243563A3131312C0403040210A278D60C"}
{"DTUID":"111","SENSORID":4,"FUNCID":3,"NDATA":2,"SENSORTYPE":"PWR-METER-POWER","RCV_BYTES":["0210","A278"],"DATAS":[528,-23944],"DATAS1":[],"DATAS2":[],"TIMESTAMP":"2025-06-07T18:41:56.817Z","BUFFER":"2B5243563A3131312C0403040210A278D60C"}
{"DTUID":"111","SENSORID":4,"FUNCID":3,"NDATA":2,"SENSORTYPE":"PWR-METER-POWER","RCV_BYTES":["0210","A278"],"DATAS":[528,-23944],"DATAS1":[],"DATAS2":[],"TIMESTAMP":"2025-06-07T18:51:56.975Z","BUFFER":"2B5243563A3131312C0403040210A278D60C"}
{"DTUID":"111","SENSORID":4,"FUNCID":3,"NDATA":2,"SENSORTYPE":"PWR-METER-POWER","RCV_BYTES":["0213","2070"],"DATAS":[531,8304],"DATAS1":[],"DATAS2":[],"TIMESTAMP":"2025-06-11T16:45:19.819Z","BUFFER":"2B5243563A3131312C04030402132070476A"}
{"DTUID":"111","SENSORID":4,"FUNCID":3,"NDATA":2,"SENSORTYPE":"PWR-METER-POWER","RCV_BYTES":["0213","2138"],"DATAS":[531,8504],"DATAS1":[],"DATAS2":[],"TIMESTAMP":"2025-06-11T16:47:18.277Z","BUFFER":"2B5243563A3131312C0403040213213846CC"}
{"DTUID":"111","SENSORID":4,"FUNCID":3,"NDATA":2,"SENSORTYPE":"PWR-METER-POWER","RCV_BYTES":["0213","2228"],"DATAS":[531,8744],"DATAS1":[],"DATAS2":[],"TIMESTAMP":"2025-06-11T16:50:18.358Z","BUFFER":"2B5243563A3131312C0403040213222847F0"}
{"DTUID":"111","SENSORID":4,"FUNCID":3,"NDATA":2,"SENSORTYPE":"PWR-METER-POWER","RCV_BYTES":["0213","22F0"],"DATAS":[531,8944],"DATAS1":[],"DATAS2":[],"TIMESTAMP":"2025-06-11T16:53:18.237Z","BUFFER":"2B5243563A3131312C040304021322F047AA"}
{"DTUID":"111","SENSORID":4,"FUNCID":3,"NDATA":2,"SENSORTYPE":"PWR-METER-POWER","RCV_BYTES":["0213","23E0"],"DATAS":[531,9184],"DATAS1":[],"DATAS2":[],"TIMESTAMP":"2025-06-11T16:56:18.340Z","BUFFER":"2B5243563A3131312C040304021323E047F6"}
{"DTUID":"111","SENSORID":4,"FUNCID":3,"NDATA":2,"SENSORTYPE":"PWR-METER-POWER","RCV_BYTES":["0213","24A8"],"DATAS":[531,9384],"DATAS1":[],"DATAS2":[],"TIMESTAMP":"2025-06-11T16:59:18.292Z","BUFFER":"2B5243563A3131312C040304021324A845F0"}
{"DTUID":"111","SENSORID":4,"FUNCID":3,"NDATA":2,"SENSORTYPE":"PWR-METER-POWER","RCV_BYTES":["0213","AD60"],"DATAS":[531,-21152],"DATAS1":[],"DATAS2":[],"TIMESTAMP":"2025-06-12T01:02:18.820Z","BUFFER":"2B5243563A3131312C0403040213AD6023F6"}
{"DTUID":"111","SENSORID":4,"FUNCID":3,"NDATA":2,"SENSORTYPE":"PWR-METER-POWER","RCV_BYTES":["0213","AE50"],"DATAS":[531,-20912],"DATAS1":[],"DATAS2":[],"TIMESTAMP":"2025-06-12T01:05:18.761Z","BUFFER":"2B5243563A3131312C0403040213AE502312"}
{"DTUID":"111","SENSORID":4,"FUNCID":3,"NDATA":2,"SENSORTYPE":"PWR-METER-POWER","RCV_BYTES":["0213","AF40"],"DATAS":[531,-20672],"DATAS1":[],"DATAS2":[],"TIMESTAMP":"2025-06-12T01:08:18.729Z","BUFFER":"2B5243563A3131312C0403040213AF40234E"}
{"DTUID":"111","SENSORID":4,"FUNCID":3,"NDATA":2,"SENSORTYPE":"PWR-METER-POWER","RCV_BYTES":["0218","7BD8"],"DATAS":[536,31704],"DATAS1":[],"DATAS2":[],"TIMESTAMP":"2025-06-16T12:43:25.240Z","BUFFER":"2B5243563A3131312C04030402187BD80C26"}
{"DTUID":"111","SENSORID":4,"FUNCID":3,"NDATA":2,"SENSORTYPE":"PWR-METER-POWER","RCV_BYTES":["0218","7BD8"],"DATAS":[536,31704],"DATAS1":[],"DATAS2":[],"TIMESTAMP":"2025-06-16T12:46:25.139Z","BUFFER":"2B5243563A3131312C04030402187BD80C26"}
{"DTUID":"111","SENSORID":4,"FUNCID":3,"NDATA":2,"SENSORTYPE":"PWR-METER-POWER","RCV_BYTES":["0218","7BD8"],"DATAS":[536,31704],"DATAS1":[],"DATAS2":[],"TIMESTAMP":"2025-06-16T12:49:25.178Z","BUFFER":"2B5243563A3131312C04030402187BD80C26"}
{"DTUID":"111","SENSORID":4,"FUNCID":3,"NDATA":2,"SENSORTYPE":"PWR-METER-POWER","RCV_BYTES":["0218","7BD8"],"DATAS":[536,31704],"DATAS1":[],"DATAS2":[],"TIMESTAMP":"2025-06-16T15:19:25.438Z","BUFFER":"2B5243563A3131312C04030402187BD80C26"}
{"DTUID":"111","SENSORID":4,"FUNCID":3,"NDATA":2,"SENSORTYPE":"PWR-METER-POWER","RCV_BYTES":["0218","7BD8"],"DATAS":[536,31704],"DATAS1":[],"DATAS2":[],"TIMESTAMP":"2025-06-16T15:22:25.277Z","BUFFER":"2B5243563A3131312C04030402187BD80C26"}
{"DTUID":"111","SENSORID":4,"FUNCID":3,"NDATA":2,"SENSORTYPE":"PWR-METER-POWER","RCV_BYTES":["0218","7BD8"],"DATAS":[536,31704],"DATAS1":[],"DATAS2":[],"TIMESTAMP":"2025-06-16T15:25:25.338Z","BUFFER":"2B5243563A3131312C04030402187BD80C26"}
{"DTUID":"111","SENSORID":4,"FUNCID":3,"NDATA":2,"SENSORTYPE":"PWR-METER-POWER","RCV_BYTES":["0218","7BD8"],"DATAS":[536,31704],"DATAS1":[],"DATAS2":[],"TIMESTAMP":"2025-06-16T15:37:25.763Z","BUFFER":"2B5243563A3131312C04030402187BD80C26"}
{"DTUID":"111","SENSORID":4,"FUNCID":3,"NDATA":2,"SENSORTYPE":"PWR-METER-POWER","RCV_BYTES":["0218","7BD8"],"DATAS":[536,31704],"DATAS1":[],"DATAS2":[],"TIMESTAMP":"2025-06-16T15:40:25.762Z","BUFFER":"2B5243563A3131312C04030402187BD80C26"}
{"DTUID":"111","SENSORID":4,"FUNCID":3,"NDATA":2,"SENSORTYPE":"PWR-METER-POWER","RCV_BYTES":["0218","7BD8"],"DATAS":[536,31704],"DATAS1":[],"DATAS2":[],"TIMESTAMP":"2025-06-16T15:43:25.442Z","BUFFER":"2B5243563A3131312C04030402187BD80C26"}
{"DTUID":"111","SENSORID":4,"FUNCID":3,"NDATA":2,"SENSORTYPE":"PWR-METER-POWER","RCV_BYTES":["0218","7BD8"],"DATAS":[536,31704],"DATAS1":[],"DATAS2":[],"TIMESTAMP":"2025-06-16T15:50:14.501Z","BUFFER":"2B5243563A3131312C04030402187BD80C26"}
{"DTUID":"111","SENSORID":4,"FUNCID":3,"NDATA":2,"SENSORTYPE":"PWR-METER-POWER","RCV_BYTES":["0218","7BD8"],"DATAS":[536,31704],"DATAS1":[],"DATAS2":[],"TIMESTAMP":"2025-06-16T15:52:26.421Z","BUFFER":"2B5243563A3131312C04030402187BD80C26"}
{"DTUID":"111","SENSORID":4,"FUNCID":3,"NDATA":2,"SENSORTYPE":"PWR-METER-POWER","RCV_BYTES":["0218","7BD8"],"DATAS":[536,31704],"DATAS1":[],"DATAS2":[],"TIMESTAMP":"2025-06-16T15:55:25.423Z","BUFFER":"2B5243563A3131312C04030402187BD80C26"}
{"DTUID":"111","SENSORID":4,"FUNCID":3,"NDATA":2,"SENSORTYPE":"PWR-METER-POWER","RCV_BYTES":["0218","7BD8"],"DATAS":[536,31704],"DATAS1":[],"DATAS2":[],"TIMESTAMP":"2025-06-16T15:59:48.463Z","BUFFER":"2B5243563A3131312C04030402187BD80C26"}
{"DTUID":"111","SENSORID":4,"FUNCID":3,"NDATA":2,"SENSORTYPE":"PWR-METER-POWER","RCV_BYTES":["0218","7BD8"],"DATAS":[536,31704],"DATAS1":[],"DATAS2":[],"TIMESTAMP":"2025-06-16T16:01:25.442Z","BUFFER":"2B5243563A3131312C04030402187BD80C26"}
{"DTUID":"111","SENSORID":4,"FUNCID":3,"NDATA":2,"SENSORTYPE":"PWR-METER-POWER","RCV_BYTES":["0218","7BD8"],"DATAS":[536,31704],"DATAS1":[],"DATAS2":[],"TIMESTAMP":"2025-06-16T16:04:25.443Z","BUFFER":"2B5243563A3131312C04030402187BD80C26"}
{"DTUID":"111","SENSORID":4,"FUNCID":3,"NDATA":2,"SENSORTYPE":"PWR-METER-POWER","RCV_BYTES":["0218","7BD8"],"DATAS":[536,31704],"DATAS1":[],"DATAS2":[],"TIMESTAMP":"2025-06-16T16:07:29.342Z","BUFFER":"2B5243563A3131312C04030402187BD80C26"}
{"DTUID":"111","SENSORID":4,"FUNCID":3,"NDATA":2,"SENSORTYPE":"PWR-METER-POWER","RCV_BYTES":["0218","7BD8"],"DATAS":[536,31704],"DATAS1":[],"DATAS2":[],"TIMESTAMP":"2025-06-16T16:10:25.770Z","BUFFER":"2B5243563A3131312C04030402187BD80C26"}
{"DTUID":"111","SENSORID":4,"FUNCID":3,"NDATA":2,"SENSORTYPE":"PWR-METER-POWER","RCV_BYTES":["0218","7BD8"],"DATAS":[536,31704],"DATAS1":[],"DATAS2":[],"TIMESTAMP":"2025-06-16T16:13:25.402Z","BUFFER":"2B5243563A3131312C04030402187BD80C26"}
{"DTUID":"111","SENSORID":4,"FUNCID":3,"NDATA":2,"SENSORTYPE":"PWR-METER-POWER","RCV_BYTES":["0218","7BD8"],"DATAS":[536,31704],"DATAS1":[],"DATAS2":[],"TIMESTAMP":"2025-06-16T16:19:30.448Z","BUFFER":"2B5243563A3131312C04030402187BD80C26"}
{"DTUID":"111","SENSORID":4,"FUNCID":3,"NDATA":2,"SENSORTYPE":"PWR-METER-POWER","RCV_BYTES":["0218","7BD8"],"DATAS":[536,31704],"DATAS1":[],"DATAS2":[],"TIMESTAMP":"2025-06-16T16:19:40.402Z","BUFFER":"2B5243563A3131312C04030402187BD80C26"}
{"DTUID":"111","SENSORID":4,"FUNCID":3,"NDATA":2,"SENSORTYPE":"PWR-METER-POWER","RCV_BYTES":["0218","7BD8"],"DATAS":[536,31704],"DATAS1":[],"DATAS2":[],"TIMESTAMP":"2025-06-16T16:22:25.844Z","BUFFER":"2B5243563A3131312C04030402187BD80C26"}
{"DTUID":"111","SENSORID":4,"FUNCID":3,"NDATA":2,"SENSORTYPE":"PWR-METER-POWER","RCV_BYTES":["0218","7BD8"],"DATAS":[536,31704],"DATAS1":[],"DATAS2":[],"TIMESTAMP":"2025-06-16T16:25:25.502Z","BUFFER":"2B5243563A3131312C04030402187BD80C26"}
{"DTUID":"111","SENSORID":4,"FUNCID":3,"NDATA":2,"SENSORTYPE":"PWR-METER-POWER","RCV_BYTES":["0218","7BD8"],"DATAS":[536,31704],"DATAS1":[],"DATAS2":[],"TIMESTAMP":"2025-06-16T16:28:25.392Z","BUFFER":"2B5243563A3131312C04030402187BD80C26"}
{"DTUID":"111","SENSORID":4,"FUNCID":3,"NDATA":2,"SENSORTYPE":"PWR-METER-POWER","RCV_BYTES":["0218","7BD8"],"DATAS":[536,31704],"DATAS1":[],"DATAS2":[],"TIMESTAMP":"2025-06-16T16:31:26.033Z","BUFFER":"2B5243563A3131312C04030402187BD80C26"}
{"DTUID":"111","SENSORID":4,"FUNCID":3,"NDATA":2,"SENSORTYPE":"PWR-METER-POWER","RCV_BYTES":["0218","7BD8"],"DATAS":[536,31704],"DATAS1":[],"DATAS2":[],"TIMESTAMP":"2025-06-16T16:34:25.653Z","BUFFER":"2B5243563A3131312C04030402187BD80C26"}
{"DTUID":"111","SENSORID":4,"FUNCID":3,"NDATA":2,"SENSORTYPE":"PWR-METER-POWER","RCV_BYTES":["0218","7BD8"],"DATAS":[536,31704],"DATAS1":[],"DATAS2":[],"TIMESTAMP":"2025-06-16T16:37:25.471Z","BUFFER":"2B5243563A3131312C04030402187BD80C26"}
{"DTUID":"111","SENSORID":4,"FUNCID":3,"NDATA":2,"SENSORTYPE":"PWR-METER-POWER","RCV_BYTES":["0218","7BD8"],"DATAS":[536,31704],"DATAS1":[],"DATAS2":[],"TIMESTAMP":"2025-06-16T16:40:25.451Z","BUFFER":"2B5243563A3131312C04030402187BD80C26"}
{"DTUID":"111","SENSORID":4,"FUNCID":3,"NDATA":2,"SENSORTYPE":"PWR-METER-POWER","RCV_BYTES":["0218","7BD8"],"DATAS":[536,31704],"DATAS1":[],"DATAS2":[],"TIMESTAMP":"2025-06-16T16:43:25.350Z","BUFFER":"2B5243563A3131312C04030402187BD80C26"}
{"DTUID":"111","SENSORID":4,"FUNCID":3,"NDATA":2,"SENSORTYPE":"PWR-METER-POWER","RCV_BYTES":["0218","7BD8"],"DATAS":[536,31704],"DATAS1":[],"DATAS2":[],"TIMESTAMP":"2025-06-16T18:58:25.561Z","BUFFER":"2B5243563A3131312C04030402187BD80C26"}
{"DTUID":"111","SENSORID":4,"FUNCID":3,"NDATA":2,"SENSORTYPE":"PWR-METER-POWER","RCV_BYTES":["0218","7BD8"],"DATAS":[536,31704],"DATAS1":[],"DATAS2":[],"TIMESTAMP":"2025-06-16T19:01:25.482Z","BUFFER":"2B5243563A3131312C04030402187BD80C26"}
{"DTUID":"111","SENSORID":4,"FUNCID":3,"NDATA":2,"SENSORTYPE":"PWR-METER-POWER","RCV_BYTES":["0218","7BD8"],"DATAS":[536,31704],"DATAS1":[],"DATAS2":[],"TIMESTAMP":"2025-06-16T19:04:25.623Z","BUFFER":"2B5243563A3131312C04030402187BD80C26"}
{"DTUID":"111","SENSORID":4,"FUNCID":3,"NDATA":2,"SENSORTYPE":"PWR-METER-POWER","RCV_BYTES":["0218","7BD8"],"DATAS":[536,31704],"DATAS1":[],"DATAS2":[],"TIMESTAMP":"2025-06-18T05:13:27.622Z","BUFFER":"2B5243563A3131312C04030402187BD80C26"}
{"DTUID":"111","SENSORID":4,"FUNCID":3,"NDATA":2,"SENSORTYPE":"PWR-METER-POWER","RCV_BYTES":["0218","7BD8"],"DATAS":[536,31704],"DATAS1":[],"DATAS2":[],"TIMESTAMP":"2025-06-18T05:16:27.487Z","BUFFER":"2B5243563A3131312C04030402187BD80C26"}
{"DTUID":"111","SENSORID":4,"FUNCID":3,"NDATA":2,"SENSORTYPE":"PWR-METER-POWER","RCV_BYTES":["0218","7BD8"],"DATAS":[536,31704],"DATAS1":[],"DATAS2":[],"TIMESTAMP":"2025-06-18T05:19:27.621Z","BUFFER":"2B5243563A3131312C04030402187BD80C26"}
{"DTUID":"111","SENSORID":4,"FUNCID":3,"NDATA":2,"SENSORTYPE":"PWR-METER-POWER","RCV_BYTES":["0218","7BD8"],"DATAS":[536,31704],"DATAS1":[],"DATAS2":[],"TIMESTAMP":"2025-06-18T05:22:27.580Z","BUFFER":"2B5243563A3131312C04030402187BD80C26"}
{"DTUID":"111","SENSORID":4,"FUNCID":3,"NDATA":2,"SENSORTYPE":"PWR-METER-POWER","RCV_BYTES":["0218","7BD8"],"DATAS":[536,31704],"DATAS1":[],"DATAS2":[],"TIMESTAMP":"2025-06-18T05:25:27.481Z","BUFFER":"2B5243563A3131312C04030402187BD80C26"}
{"DTUID":"111","SENSORID":4,"FUNCID":3,"NDATA":2,"SENSORTYPE":"PWR-METER-POWER","RCV_BYTES":["0218","7BD8"],"DATAS":[536,31704],"DATAS1":[],"DATAS2":[],"TIMESTAMP":"2025-06-18T05:28:27.524Z","BUFFER":"2B5243563A3131312C04030402187BD80C26"}
{"DTUID":"111","SENSORID":4,"FUNCID":3,"NDATA":2,"SENSORTYPE":"PWR-METER-POWER","RCV_BYTES":["0218","7BD8"],"DATAS":[536,31704],"DATAS1":[],"DATAS2":[],"TIMESTAMP":"2025-06-18T05:31:27.946Z","BUFFER":"2B5243563A3131312C04030402187BD80C26"}
{"DTUID":"111","SENSORID":4,"FUNCID":3,"NDATA":2,"SENSORTYPE":"PWR-METER-POWER","RCV_BYTES":["0218","7BD8"],"DATAS":[536,31704],"DATAS1":[],"DATAS2":[],"TIMESTAMP":"2025-06-18T05:34:27.498Z","BUFFER":"2B5243563A3131312C04030402187BD80C26"}
{"DTUID":"111","SENSORID":4,"FUNCID":3,"NDATA":2,"SENSORTYPE":"PWR-METER-POWER","RCV_BYTES":["0218","7BD8"],"DATAS":[536,31704],"DATAS1":[],"DATAS2":[],"TIMESTAMP":"2025-06-18T05:37:27.518Z","BUFFER":"2B5243563A3131312C04030402187BD80C26"}
{"DTUID":"111","SENSORID":4,"FUNCID":3,"NDATA":2,"SENSORTYPE":"PWR-METER-POWER","RCV_BYTES":["0218","7BD8"],"DATAS":[536,31704],"DATAS1":[],"DATAS2":[],"TIMESTAMP":"2025-06-19T02:01:28.858Z","BUFFER":"2B5243563A3131312C04030402187BD80C26"}
{"DTUID":"111","SENSORID":4,"FUNCID":3,"NDATA":2,"SENSORTYPE":"PWR-METER-POWER","RCV_BYTES":["0218","7BD8"],"DATAS":[536,31704],"DATAS1":[],"DATAS2":[],"TIMESTAMP":"2025-06-19T02:04:28.900Z","BUFFER":"2B5243563A3131312C04030402187BD80C26"}
{"DTUID":"111","SENSORID":4,"FUNCID":3,"NDATA":2,"SENSORTYPE":"PWR-METER-POWER","RCV_BYTES":["0218","7BD8"],"DATAS":[536,31704],"DATAS1":[],"DATAS2":[],"TIMESTAMP":"2025-06-19T02:07:29.303Z","BUFFER":"2B5243563A3131312C04030402187BD80C26"}
{"DTUID":"111","SENSORID":4,"FUNCID":3,"NDATA":2,"SENSORTYPE":"PWR-METER-POWER","RCV_BYTES":["0218","7BD8"],"DATAS":[536,31704],"DATAS1":[],"DATAS2":[],"TIMESTAMP":"2025-06-19T02:13:28.781Z","BUFFER":"2B5243563A3131312C04030402187BD80C26"}
{"DTUID":"111","SENSORID":4,"FUNCID":3,"NDATA":2,"SENSORTYPE":"PWR-METER-POWER","RCV_BYTES":["0218","7BD8"],"DATAS":[536,31704],"DATAS1":[],"DATAS2":[],"TIMESTAMP":"2025-06-19T02:16:28.862Z","BUFFER":"2B5243563A3131312C04030402187BD80C26"}
{"DTUID":"111","SENSORID":4,"FUNCID":3,"NDATA":2,"SENSORTYPE":"PWR-METER-POWER","RCV_BYTES":["0218","7BD8"],"DATAS":[536,31704],"DATAS1":[],"DATAS2":[],"TIMESTAMP":"2025-06-19T02:19:28.729Z","BUFFER":"2B5243563A3131312C04030402187BD80C26"}
{"DTUID":"111","SENSORID":4,"FUNCID":3,"NDATA":2,"SENSORTYPE":"PWR-METER-POWER","RCV_BYTES":["0218","7BD8"],"DATAS":[536,31704],"DATAS1":[],"DATAS2":[],"TIMESTAMP":"2025-06-19T03:01:29.466Z","BUFFER":"2B5243563A3131312C04030402187BD80C26"}
{"DTUID":"111","SENSORID":4,"FUNCID":3,"NDATA":2,"SENSORTYPE":"PWR-METER-POWER","RCV_BYTES":["0218","7BD8"],"DATAS":[536,31704],"DATAS1":[],"DATAS2":[],"TIMESTAMP":"2025-06-19T03:04:28.818Z","BUFFER":"2B5243563A3131312C04030402187BD80C26"}
{"DTUID":"111","SENSORID":4,"FUNCID":3,"NDATA":2,"SENSORTYPE":"PWR-METER-POWER","RCV_BYTES":["0218","7BD8"],"DATAS":[536,31704],"DATAS1":[],"DATAS2":[],"TIMESTAMP":"2025-06-19T03:07:28.850Z","BUFFER":"2B5243563A3131312C04030402187BD80C26"}
{"DTUID":"111","SENSORID":4,"FUNCID":3,"NDATA":2,"SENSORTYPE":"PWR-METER-POWER","RCV_BYTES":["0218","7BD8"],"DATAS":[536,31704],"DATAS1":[],"DATAS2":[],"TIMESTAMP":"2025-06-19T03:13:28.931Z","BUFFER":"2B5243563A3131312C04030402187BD80C26"}
{"DTUID":"111","SENSORID":4,"FUNCID":3,"NDATA":2,"SENSORTYPE":"PWR-METER-POWER","RCV_BYTES":["0218","7BD8"],"DATAS":[536,31704],"DATAS1":[],"DATAS2":[],"TIMESTAMP":"2025-06-19T03:16:28.931Z","BUFFER":"2B5243563A3131312C04030402187BD80C26"}
{"DTUID":"111","SENSORID":4,"FUNCID":3,"NDATA":2,"SENSORTYPE":"PWR-METER-POWER","RCV_BYTES":["0218","7BD8"],"DATAS":[536,31704],"DATAS1":[],"DATAS2":[],"TIMESTAMP":"2025-06-19T03:19:28.894Z","BUFFER":"2B5243563A3131312C04030402187BD80C26"}
{"DTUID":"111","SENSORID":4,"FUNCID":3,"NDATA":2,"SENSORTYPE":"PWR-METER-POWER","RCV_BYTES":["0218","7BD8"],"DATAS":[536,31704],"DATAS1":[],"DATAS2":[],"TIMESTAMP":"2025-06-19T03:22:28.832Z","BUFFER":"2B5243563A3131312C04030402187BD80C26"}
{"DTUID":"111","SENSORID":4,"FUNCID":3,"NDATA":2,"SENSORTYPE":"PWR-METER-POWER","RCV_BYTES":["0218","7BD8"],"DATAS":[536,31704],"DATAS1":[],"DATAS2":[],"TIMESTAMP":"2025-06-19T03:25:28.792Z","BUFFER":"2B5243563A3131312C04030402187BD80C26"}
{"DTUID":"111","SENSORID":4,"FUNCID":3,"NDATA":2,"SENSORTYPE":"PWR-METER-POWER","RCV_BYTES":["0218","7BD8"],"DATAS":[536,31704],"DATAS1":[],"DATAS2":[],"TIMESTAMP":"2025-06-19T03:28:28.921Z","BUFFER":"2B5243563A3131312C04030402187BD80C26"}
{"DTUID":"111","SENSORID":4,"FUNCID":3,"NDATA":2,"SENSORTYPE":"PWR-METER-POWER","RCV_BYTES":["0218","7BD8"],"DATAS":[536,31704],"DATAS1":[],"DATAS2":[],"TIMESTAMP":"2025-06-19T04:52:29.004Z","BUFFER":"2B5243563A3131312C04030402187BD80C26"}
{"DTUID":"111","SENSORID":4,"FUNCID":3,"NDATA":2,"SENSORTYPE":"PWR-METER-POWER","RCV_BYTES":["0218","7BD8"],"DATAS":[536,31704],"DATAS1":[],"DATAS2":[],"TIMESTAMP":"2025-06-19T04:55:28.886Z","BUFFER":"2B5243563A3131312C04030402187BD80C26"}
{"DTUID":"111","SENSORID":4,"FUNCID":3,"NDATA":2,"SENSORTYPE":"PWR-METER-POWER","RCV_BYTES":["0218","7BD8"],"DATAS":[536,31704],"DATAS1":[],"DATAS2":[],"TIMESTAMP":"2025-06-19T04:58:28.984Z","BUFFER":"2B5243563A3131312C04030402187BD80C26"}
{"DTUID":"111","SENSORID":4,"FUNCID":3,"NDATA":2,"SENSORTYPE":"PWR-METER-POWER","RCV_BYTES":["0218","7BD8"],"DATAS":[536,31704],"DATAS1":[],"DATAS2":[],"TIMESTAMP":"2025-06-19T16:13:29.626Z","BUFFER":"2B5243563A3131312C04030402187BD80C26"}
{"DTUID":"111","SENSORID":4,"FUNCID":3,"NDATA":2,"SENSORTYPE":"PWR-METER-POWER","RCV_BYTES":["0218","7BD8"],"DATAS":[536,31704],"DATAS1":[],"DATAS2":[],"TIMESTAMP":"2025-06-19T16:16:29.665Z","BUFFER":"2B5243563A3131312C04030402187BD80C26"}
{"DTUID":"111","SENSORID":4,"FUNCID":3,"NDATA":2,"SENSORTYPE":"PWR-METER-POWER","RCV_BYTES":["0218","7BD8"],"DATAS":[536,31704],"DATAS1":[],"DATAS2":[],"TIMESTAMP":"2025-06-19T16:19:29.605Z","BUFFER":"2B5243563A3131312C04030402187BD80C26"}
{"DTUID":"111","SENSORID":4,"FUNCID":3,"NDATA":2,"SENSORTYPE":"PWR-METER-POWER","RCV_BYTES":["0218","7BD8"],"DATAS":[536,31704],"DATAS1":[],"DATAS2":[],"TIMESTAMP":"2025-06-19T16:22:29.937Z","BUFFER":"2B5243563A3131312C04030402187BD80C26"}
{"DTUID":"111","SENSORID":4,"FUNCID":3,"NDATA":2,"SENSORTYPE":"PWR-METER-POWER","RCV_BYTES":["0218","7BD8"],"DATAS":[536,31704],"DATAS1":[],"DATAS2":[],"TIMESTAMP":"2025-06-19T16:25:29.577Z","BUFFER":"2B5243563A3131312C04030402187BD80C26"}
{"DTUID":"111","SENSORID":4,"FUNCID":3,"NDATA":2,"SENSORTYPE":"PWR-METER-POWER","RCV_BYTES":["0218","7BD8"],"DATAS":[536,31704],"DATAS1":[],"DATAS2":[],"TIMESTAMP":"2025-06-19T16:28:29.622Z","BUFFER":"2B5243563A3131312C04030402187BD80C26"}
{"DTUID":"111","SENSORID":4,"FUNCID":3,"NDATA":2,"SENSORTYPE":"PWR-METER-POWER","RCV_BYTES":["0218","7BD8"],"DATAS":[536,31704],"DATAS1":[],"DATAS2":[],"TIMESTAMP":"2025-06-20T04:16:30.462Z","BUFFER":"2B5243563A3131312C04030402187BD80C26"}
{"DTUID":"111","SENSORID":4,"FUNCID":3,"NDATA":2,"SENSORTYPE":"PWR-METER-POWER","RCV_BYTES":["0218","7BD8"],"DATAS":[536,31704],"DATAS1":[],"DATAS2":[],"TIMESTAMP":"2025-06-20T04:19:30.284Z","BUFFER":"2B5243563A3131312C04030402187BD80C26"}
{"DTUID":"111","SENSORID":4,"FUNCID":3,"NDATA":2,"SENSORTYPE":"PWR-METER-POWER","RCV_BYTES":["0218","7BD8"],"DATAS":[536,31704],"DATAS1":[],"DATAS2":[],"TIMESTAMP":"2025-06-20T04:22:30.551Z","BUFFER":"2B5243563A3131312C04030402187BD80C26"}
{"DTUID":"111","SENSORID":4,"FUNCID":3,"NDATA":2,"SENSORTYPE":"PWR-METER-POWER","RCV_BYTES":["0218","7BD8"],"DATAS":[536,31704],"DATAS1":[],"DATAS2":[],"TIMESTAMP":"2025-06-20T04:25:33.163Z","BUFFER":"2B5243563A3131312C04030402187BD80C26"}
{"DTUID":"111","SENSORID":4,"FUNCID":3,"NDATA":2,"SENSORTYPE":"PWR-METER-POWER","RCV_BYTES":["0218","7BD8"],"DATAS":[536,31704],"DATAS1":[],"DATAS2":[],"TIMESTAMP":"2025-06-20T04:25:37.532Z","BUFFER":"2B5243563A3131312C04030402187BD80C26"}
{"DTUID":"111","SENSORID":4,"FUNCID":3,"NDATA":2,"SENSORTYPE":"PWR-METER-POWER","RCV_BYTES":["0218","7BD8"],"DATAS":[536,31704],"DATAS1":[],"DATAS2":[],"TIMESTAMP":"2025-06-20T04:28:30.323Z","BUFFER":"2B5243563A3131312C04030402187BD80C26"}
{"DTUID":"111","SENSORID":4,"FUNCID":3,"NDATA":2,"SENSORTYPE":"PWR-METER-POWER","RCV_BYTES":["0218","7BD8"],"DATAS":[536,31704],"DATAS1":[],"DATAS2":[],"TIMESTAMP":"2025-06-20T04:31:30.322Z","BUFFER":"2B5243563A3131312C04030402187BD80C26"}
{"DTUID":"111","SENSORID":4,"FUNCID":3,"NDATA":2,"SENSORTYPE":"PWR-METER-POWER","RCV_BYTES":["0218","7BD8"],"DATAS":[536,31704],"DATAS1":[],"DATAS2":[],"TIMESTAMP":"2025-06-20T04:40:30.350Z","BUFFER":"2B5243563A3131312C04030402187BD80C26"}
{"DTUID":"111","SENSORID":4,"FUNCID":3,"NDATA":2,"SENSORTYPE":"PWR-METER-POWER","RCV_BYTES":["0218","7BD8"],"DATAS":[536,31704],"DATAS1":[],"DATAS2":[],"TIMESTAMP":"2025-06-20T04:43:30.442Z","BUFFER":"2B5243563A3131312C04030402187BD80C26"}
{"DTUID":"111","SENSORID":4,"FUNCID":3,"NDATA":2,"SENSORTYPE":"PWR-METER-POWER","RCV_BYTES":["0218","7BD8"],"DATAS":[536,31704],"DATAS1":[],"DATAS2":[],"TIMESTAMP":"2025-06-20T04:47:59.402Z","BUFFER":"2B5243563A3131312C04030402187BD80C26"}
{"DTUID":"111","SENSORID":4,"FUNCID":3,"NDATA":2,"SENSORTYPE":"PWR-METER-POWER","RCV_BYTES":["0218","7BD8"],"DATAS":[536,31704],"DATAS1":[],"DATAS2":[],"TIMESTAMP":"2025-06-20T04:49:30.442Z","BUFFER":"2B5243563A3131312C04030402187BD80C26"}
{"DTUID":"111","SENSORID":4,"FUNCID":3,"NDATA":2,"SENSORTYPE":"PWR-METER-POWER","RCV_BYTES":["0218","7BD8"],"DATAS":[536,31704],"DATAS1":[],"DATAS2":[],"TIMESTAMP":"2025-06-20T04:52:30.763Z","BUFFER":"2B5243563A3131312C04030402187BD80C26"}
{"DTUID":"111","SENSORID":4,"FUNCID":3,"NDATA":2,"SENSORTYPE":"PWR-METER-POWER","RCV_BYTES":["0218","7BD8"],"DATAS":[536,31704],"DATAS1":[],"DATAS2":[],"TIMESTAMP":"2025-06-20T04:57:38.743Z","BUFFER":"2B5243563A3131312C04030402187BD80C26"}
{"DTUID":"111","SENSORID":4,"FUNCID":3,"NDATA":2,"SENSORTYPE":"PWR-METER-POWER","RCV_BYTES":["0218","7BD8"],"DATAS":[536,31704],"DATAS1":[],"DATAS2":[],"TIMESTAMP":"2025-06-20T04:57:40.762Z","BUFFER":"2B5243563A3131312C04030402187BD80C26"}
{"DTUID":"111","SENSORID":4,"FUNCID":3,"NDATA":2,"SENSORTYPE":"PWR-METER-POWER","RCV_BYTES":["0218","7BD8"],"DATAS":[536,31704],"DATAS1":[],"DATAS2":[],"TIMESTAMP":"2025-06-20T04:58:31.682Z","BUFFER":"2B5243563A3131312C04030402187BD80C26"}
{"DTUID":"111","SENSORID":4,"FUNCID":3,"NDATA":2,"SENSORTYPE":"PWR-METER-POWER","RCV_BYTES":["0218","7BD8"],"DATAS":[536,31704],"DATAS1":[],"DATAS2":[],"TIMESTAMP":"2025-06-20T05:01:30.841Z","BUFFER":"2B5243563A3131312C04030402187BD80C26"}
{"DTUID":"111","SENSORID":4,"FUNCID":3,"NDATA":2,"SENSORTYPE":"PWR-METER-POWER","RCV_BYTES":["0218","7BD8"],"DATAS":[536,31704],"DATAS1":[],"DATAS2":[],"TIMESTAMP":"2025-06-20T05:07:39.110Z","BUFFER":"2B5243563A3131312C04030402187BD80C26"}
{"DTUID":"111","SENSORID":4,"FUNCID":3,"NDATA":2,"SENSORTYPE":"PWR-METER-POWER","RCV_BYTES":["0218","7BD8"],"DATAS":[536,31704],"DATAS1":[],"DATAS2":[],"TIMESTAMP":"2025-06-20T05:10:30.442Z","BUFFER":"2B5243563A3131312C04030402187BD80C26"}
{"DTUID":"111","SENSORID":4,"FUNCID":3,"NDATA":2,"SENSORTYPE":"PWR-METER-POWER","RCV_BYTES":["0218","7BD8"],"DATAS":[536,31704],"DATAS1":[],"DATAS2":[],"TIMESTAMP":"2025-06-20T05:13:30.362Z","BUFFER":"2B5243563A3131312C04030402187BD80C26"}
{"DTUID":"111","SENSORID":4,"FUNCID":3,"NDATA":2,"SENSORTYPE":"PWR-METER-POWER","RCV_BYTES":["0218","7BD8"],"DATAS":[536,31704],"DATAS1":[],"DATAS2":[],"TIMESTAMP":"2025-06-20T05:16:30.431Z","BUFFER":"2B5243563A3131312C04030402187BD80C26"}
{"DTUID":"111","SENSORID":4,"FUNCID":3,"NDATA":2,"SENSORTYPE":"PWR-METER-POWER","RCV_BYTES":["0218","7BD8"],"DATAS":[536,31704],"DATAS1":[],"DATAS2":[],"TIMESTAMP":"2025-06-20T05:19:30.442Z","BUFFER":"2B5243563A3131312C04030402187BD80C26"}
{"DTUID":"111","SENSORID":4,"FUNCID":3,"NDATA":2,"SENSORTYPE":"PWR-METER-POWER","RCV_BYTES":["0218","7BD8"],"DATAS":[536,31704],"DATAS1":[],"DATAS2":[],"TIMESTAMP":"2025-06-20T05:22:30.423Z","BUFFER":"2B5243563A3131312C04030402187BD80C26"}
{"DTUID":"111","SENSORID":4,"FUNCID":3,"NDATA":2,"SENSORTYPE":"PWR-METER-POWER","RCV_BYTES":["0218","7BD8"],"DATAS":[536,31704],"DATAS1":[],"DATAS2":[],"TIMESTAMP":"2025-06-20T05:25:30.402Z","BUFFER":"2B5243563A3131312C04030402187BD80C26"}
{"DTUID":"111","SENSORID":4,"FUNCID":3,"NDATA":2,"SENSORTYPE":"PWR-METER-POWER","RCV_BYTES":["0218","7BD8"],"DATAS":[536,31704],"DATAS1":[],"DATAS2":[],"TIMESTAMP":"2025-06-20T05:28:30.402Z","BUFFER":"2B5243563A3131312C04030402187BD80C26"}
{"DTUID":"111","SENSORID":4,"FUNCID":3,"NDATA":2,"SENSORTYPE":"PWR-METER-POWER","RCV_BYTES":["0218","7BD8"],"DATAS":[536,31704],"DATAS1":[],"DATAS2":[],"TIMESTAMP":"2025-06-20T05:31:30.395Z","BUFFER":"2B5243563A3131312C04030402187BD80C26"}
{"DTUID":"111","SENSORID":4,"FUNCID":3,"NDATA":2,"SENSORTYPE":"PWR-METER-POWER","RCV_BYTES":["0218","7BD8"],"DATAS":[536,31704],"DATAS1":[],"DATAS2":[],"TIMESTAMP":"2025-06-20T05:37:30.842Z","BUFFER":"2B5243563A3131312C04030402187BD80C26"}
{"DTUID":"111","SENSORID":4,"FUNCID":3,"NDATA":2,"SENSORTYPE":"PWR-METER-POWER","RCV_BYTES":["0218","7BD8"],"DATAS":[536,31704],"DATAS1":[],"DATAS2":[],"TIMESTAMP":"2025-06-20T05:40:30.382Z","BUFFER":"2B5243563A3131312C04030402187BD80C26"}
{"DTUID":"111","SENSORID":4,"FUNCID":3,"NDATA":2,"SENSORTYPE":"PWR-METER-POWER","RCV_BYTES":["0218","7BD8"],"DATAS":[536,31704],"DATAS1":[],"DATAS2":[],"TIMESTAMP":"2025-06-20T05:43:30.362Z","BUFFER":"2B5243563A3131312C04030402187BD80C26"}
{"DTUID":"111","SENSORID":4,"FUNCID":3,"NDATA":2,"SENSORTYPE":"PWR-METER-POWER","RCV_BYTES":["0218","7BD8"],"DATAS":[536,31704],"DATAS1":[],"DATAS2":[],"TIMESTAMP":"2025-06-20T05:46:30.412Z","BUFFER":"2B5243563A3131312C04030402187BD80C26"}
{"DTUID":"111","SENSORID":4,"FUNCID":3,"NDATA":2,"SENSORTYPE":"PWR-METER-POWER","RCV_BYTES":["0218","7BD8"],"DATAS":[536,31704],"DATAS1":[],"DATAS2":[],"TIMESTAMP":"2025-06-20T05:49:30.463Z","BUFFER":"2B5243563A3131312C04030402187BD80C26"}
{"DTUID":"111","SENSORID":4,"FUNCID":3,"NDATA":2,"SENSORTYPE":"PWR-METER-POWER","RCV_BYTES":["0218","7BD8"],"DATAS":[536,31704],"DATAS1":[],"DATAS2":[],"TIMESTAMP":"2025-06-20T05:52:30.431Z","BUFFER":"2B5243563A3131312C04030402187BD80C26"}
{"DTUID":"111","SENSORID":4,"FUNCID":3,"NDATA":2,"SENSORTYPE":"PWR-METER-POWER","RCV_BYTES":["0218","7BD8"],"DATAS":[536,31704],"DATAS1":[],"DATAS2":[],"TIMESTAMP":"2025-06-20T05:55:30.404Z","BUFFER":"2B5243563A3131312C04030402187BD80C26"}
{"DTUID":"111","SENSORID":4,"FUNCID":3,"NDATA":2,"SENSORTYPE":"PWR-METER-POWER","RCV_BYTES":["0218","7BD8"],"DATAS":[536,31704],"DATAS1":[],"DATAS2":[],"TIMESTAMP":"2025-06-20T05:58:30.483Z","BUFFER":"2B5243563A3131312C04030402187BD80C26"}
{"DTUID":"111","SENSORID":4,"FUNCID":3,"NDATA":2,"SENSORTYPE":"PWR-METER-POWER","RCV_BYTES":["0218","7BD8"],"DATAS":[536,31704],"DATAS1":[],"DATAS2":[],"TIMESTAMP":"2025-06-20T06:01:30.502Z","BUFFER":"2B5243563A3131312C04030402187BD80C26"}
{"DTUID":"111","SENSORID":4,"FUNCID":3,"NDATA":2,"SENSORTYPE":"PWR-METER-POWER","RCV_BYTES":["0218","7BD8"],"DATAS":[536,31704],"DATAS1":[],"DATAS2":[],"TIMESTAMP":"2025-06-20T06:07:30.463Z","BUFFER":"2B5243563A3131312C04030402187BD80C26"}
{"DTUID":"111","SENSORID":4,"FUNCID":3,"NDATA":2,"SENSORTYPE":"PWR-METER-POWER","RCV_BYTES":["0218","7BD8"],"DATAS":[536,31704],"DATAS1":[],"DATAS2":[],"TIMESTAMP":"2025-06-20T06:10:30.443Z","BUFFER":"2B5243563A3131312C04030402187BD80C26"}
{"DTUID":"111","SENSORID":4,"FUNCID":3,"NDATA":2,"SENSORTYPE":"PWR-METER-POWER","RCV_BYTES":["0218","7BD8"],"DATAS":[536,31704],"DATAS1":[],"DATAS2":[],"TIMESTAMP":"2025-06-20T06:13:30.463Z","BUFFER":"2B5243563A3131312C04030402187BD80C26"}
{"DTUID":"111","SENSORID":4,"FUNCID":3,"NDATA":2,"SENSORTYPE":"PWR-METER-POWER","RCV_BYTES":["0218","7BD8"],"DATAS":[536,31704],"DATAS1":[],"DATAS2":[],"TIMESTAMP":"2025-06-21T09:54:40.930Z","BUFFER":"2B5243563A3131312C04030402187BD80C26"}
{"DTUID":"111","SENSORID":4,"FUNCID":3,"NDATA":2,"SENSORTYPE":"PWR-METER-POWER","RCV_BYTES":["0218","7BD8"],"DATAS":[536,31704],"DATAS1":[],"DATAS2":[],"TIMESTAMP":"2025-06-22T02:10:18.134Z","BUFFER":"2B5243563A3131312C04030402187BD80C26"}
{"DTUID":"111","SENSORID":4,"FUNCID":3,"NDATA":2,"SENSORTYPE":"PWR-METER-POWER","RCV_BYTES":["0219","0710"],"DATAS":[537,1808],"DATAS1":[],"DATAS2":[],"TIMESTAMP":"2025-06-24T11:25:49.802Z","BUFFER":"2B5243563A3131312C040304021907107CB0"}
{"DTUID":"111","SENSORID":4,"FUNCID":3,"NDATA":2,"SENSORTYPE":"PWR-METER-POWER","RCV_BYTES":["0219","0828"],"DATAS":[537,2088],"DATAS1":[],"DATAS2":[],"TIMESTAMP":"2025-06-24T11:30:46.582Z","BUFFER":"2B5243563A3131312C040304021908287892"}
{"DTUID":"111","SENSORID":4,"FUNCID":3,"NDATA":2,"SENSORTYPE":"PWR-METER-POWER","RCV_BYTES":["0219","0940"],"DATAS":[537,2368],"DATAS1":[],"DATAS2":[],"TIMESTAMP":"2025-06-24T11:35:56.562Z","BUFFER":"2B5243563A3131312C0403040219094078EC"}
{"DTUID":"111","SENSORID":4,"FUNCID":3,"NDATA":2,"SENSORTYPE":"PWR-METER-POWER","RCV_BYTES":["0219","0A30"],"DATAS":[537,2608],"DATAS1":[],"DATAS2":[],"TIMESTAMP":"2025-06-24T11:40:46.462Z","BUFFER":"2B5243563A3131312C04030402190A3079F8"}
{"DTUID":"111","SENSORID":4,"FUNCID":3,"NDATA":2,"SENSORTYPE":"PWR-METER-POWER","RCV_BYTES":["0219","0B20"],"DATAS":[537,2848],"DATAS1":[],"DATAS2":[],"TIMESTAMP":"2025-06-24T11:45:48.163Z","BUFFER":"2B5243563A3131312C04030402190B2079A4"}
{"DTUID":"111","SENSORID":4,"FUNCID":3,"NDATA":2,"SENSORTYPE":"PWR-METER-POWER","RCV_BYTES":["0219","0C10"],"DATAS":[537,3088],"DATAS1":[],"DATAS2":[],"TIMESTAMP":"2025-06-24T11:50:46.123Z","BUFFER":"2B5243563A3131312C04030402190C107B80"}
{"DTUID":"111","SENSORID":4,"FUNCID":3,"NDATA":2,"SENSORTYPE":"PWR-METER-POWER","RCV_BYTES":["0219","0D28"],"DATAS":[537,3368],"DATAS1":[],"DATAS2":[],"TIMESTAMP":"2025-06-24T11:56:31.363Z","BUFFER":"2B5243563A3131312C04030402190D287BC2"}
{"DTUID":"111","SENSORID":4,"FUNCID":3,"NDATA":2,"SENSORTYPE":"PWR-METER-POWER","RCV_BYTES":["0219","0E18"],"DATAS":[537,3608],"DATAS1":[],"DATAS2":[],"TIMESTAMP":"2025-06-24T12:00:45.808Z","BUFFER":"2B5243563A3131312C04030402190E187B26"}
{"DTUID":"111","SENSORID":4,"FUNCID":3,"NDATA":2,"SENSORTYPE":"PWR-METER-POWER","RCV_BYTES":["0219","0F30"],"DATAS":[537,3888],"DATAS1":[],"DATAS2":[],"TIMESTAMP":"2025-06-24T12:05:46.296Z","BUFFER":"2B5243563A3131312C04030402190F307AA8"}
{"DTUID":"111","SENSORID":4,"FUNCID":3,"NDATA":2,"SENSORTYPE":"PWR-METER-POWER","RCV_BYTES":["0219","1020"],"DATAS":[537,4128],"DATAS1":[],"DATAS2":[],"TIMESTAMP":"2025-06-24T12:10:46.547Z","BUFFER":"2B5243563A3131312C040304021910207354"}
{"DTUID":"111","SENSORID":4,"FUNCID":3,"NDATA":2,"SENSORTYPE":"PWR-METER-POWER","RCV_BYTES":["0219","1110"],"DATAS":[537,4368],"DATAS1":[],"DATAS2":[],"TIMESTAMP":"2025-06-24T12:15:48.098Z","BUFFER":"2B5243563A3131312C0403040219111072D0"}
{"DTUID":"111","SENSORID":4,"FUNCID":3,"NDATA":2,"SENSORTYPE":"PWR-METER-POWER","RCV_BYTES":["0219","1228"],"DATAS":[537,4648],"DATAS1":[],"DATAS2":[],"TIMESTAMP":"2025-06-24T12:20:46.636Z","BUFFER":"2B5243563A3131312C0403040219122873F2"}
{"DTUID":"111","SENSORID":4,"FUNCID":3,"NDATA":2,"SENSORTYPE":"PWR-METER-POWER","RCV_BYTES":["0219","1430"],"DATAS":[537,5168],"DATAS1":[],"DATAS2":[],"TIMESTAMP":"2025-06-24T12:30:47.033Z","BUFFER":"2B5243563A3131312C040304021914307058"}
{"DTUID":"111","SENSORID":4,"FUNCID":3,"NDATA":2,"SENSORTYPE":"PWR-METER-POWER","RCV_BYTES":["0219","1548"],"DATAS":[537,5448],"DATAS1":[],"DATAS2":[],"TIMESTAMP":"2025-06-24T12:35:48.391Z","BUFFER":"2B5243563A3131312C0403040219154871EA"}
{"DTUID":"111","SENSORID":4,"FUNCID":3,"NDATA":2,"SENSORTYPE":"PWR-METER-POWER","RCV_BYTES":["0219","1660"],"DATAS":[537,5728],"DATAS1":[],"DATAS2":[],"TIMESTAMP":"2025-06-24T12:40:47.132Z","BUFFER":"2B5243563A3131312C040304021916607104"}
{"DTUID":"111","SENSORID":4,"FUNCID":3,"NDATA":2,"SENSORTYPE":"PWR-METER-POWER","RCV_BYTES":["0219","1778"],"DATAS":[537,6008],"DATAS1":[],"DATAS2":[],"TIMESTAMP":"2025-06-24T12:45:43.612Z","BUFFER":"2B5243563A3131312C04030402191778709E"}
{"DTUID":"111","SENSORID":4,"FUNCID":3,"NDATA":2,"SENSORTYPE":"PWR-METER-POWER","RCV_BYTES":["0219","A5F8"],"DATAS":[537,-23048],"DATAS1":[],"DATAS2":[],"TIMESTAMP":"2025-06-25T00:00:47.296Z","BUFFER":"2B5243563A3131312C0403040219A5F8059E"}
{"DTUID":"111","SENSORID":4,"FUNCID":3,"NDATA":2,"SENSORTYPE":"PWR-METER-POWER","RCV_BYTES":["0219","A918"],"DATAS":[537,-22248],"DATAS1":[],"DATAS2":[],"TIMESTAMP":"2025-06-25T00:10:47.169Z","BUFFER":"2B5243563A3131312C0403040219A9180116"}
{"DTUID":"111","SENSORID":4,"FUNCID":3,"NDATA":2,"SENSORTYPE":"PWR-METER-POWER","RCV_BYTES":["0219","AC60"],"DATAS":[537,-21408],"DATAS1":[],"DATAS2":[],"TIMESTAMP":"2025-06-25T00:20:47.289Z","BUFFER":"2B5243563A3131312C0403040219AC600264"}
{"DTUID":"111","SENSORID":4,"FUNCID":3,"NDATA":2,"SENSORTYPE":"PWR-METER-POWER","RCV_BYTES":["021A","1420"],"DATAS":[538,5152],"DATAS1":[],"DATAS2":[],"TIMESTAMP":"2025-06-25T05:50:48.947Z","BUFFER":"2B5243563A3131312C040304021A14208194"}
{"DTUID":"111","SENSORID":4,"FUNCID":3,"NDATA":2,"SENSORTYPE":"PWR-METER-POWER","RCV_BYTES":["021A","145A"],"DATAS":[538,5210],"DATAS1":[],"DATAS2":[],"TIMESTAMP":"2025-06-25T05:52:39.227Z","BUFFER":"2B5243563A3131312C040304021A145A0077"}
{"DTUID":"111","SENSORID":4,"FUNCID":3,"NDATA":2,"SENSORTYPE":"PWR-METER-POWER","RCV_BYTES":["021A","1560"],"DATAS":[538,5472],"DATAS1":[],"DATAS2":[],"TIMESTAMP":"2025-06-25T05:55:46.668Z","BUFFER":"2B5243563A3131312C040304021A156081F4"}
{"DTUID":"111","SENSORID":4,"FUNCID":3,"NDATA":2,"SENSORTYPE":"PWR-METER-POWER","RCV_BYTES":["021A","1678"],"DATAS":[538,5752],"DATAS1":[],"DATAS2":[],"TIMESTAMP":"2025-06-25T06:00:50.767Z","BUFFER":"2B5243563A3131312C040304021A1678810E"}
{"DTUID":"111","SENSORID":4,"FUNCID":3,"NDATA":2,"SENSORTYPE":"PWR-METER-POWER","RCV_BYTES":["021A","17B8"],"DATAS":[538,6072],"DATAS1":[],"DATAS2":[],"TIMESTAMP":"2025-06-25T06:05:46.227Z","BUFFER":"2B5243563A3131312C040304021A17B880CE"}
{"DTUID":"111","SENSORID":4,"FUNCID":3,"NDATA":2,"SENSORTYPE":"PWR-METER-POWER","RCV_BYTES":["021A","57C8"],"DATAS":[538,22472],"DATAS1":[],"DATAS2":[],"TIMESTAMP":"2025-06-25T10:19:32.618Z","BUFFER":"2B5243563A3131312C040304021A57C8B0EA"}
{"DTUID":"111","SENSORID":4,"FUNCID":3,"NDATA":2,"SENSORTYPE":"PWR-METER-POWER","RCV_BYTES":["021A","5A20"],"DATAS":[538,23072],"DATAS1":[],"DATAS2":[],"TIMESTAMP":"2025-06-25T10:29:33.283Z","BUFFER":"2B5243563A3131312C040304021A5A20B434"}
{"DTUID":"111","SENSORID":4,"FUNCID":3,"NDATA":2,"SENSORTYPE":"PWR-METER-POWER","RCV_BYTES":["021A","60B1"],"DATAS":[538,24753],"DATAS1":[],"DATAS2":[],"TIMESTAMP":"2025-06-25T11:06:34.537Z","BUFFER":"2B5243563A3131312C040304021A60B16738"}
{"DTUID":"111","SENSORID":4,"FUNCID":3,"NDATA":2,"SENSORTYPE":"PWR-METER-POWER","RCV_BYTES":["021A","6128"],"DATAS":[538,24872],"DATAS1":[],"DATAS2":[],"TIMESTAMP":"2025-06-25T11:09:32.836Z","BUFFER":"2B5243563A3131312C040304021A6128A6C2"}
{"DTUID":"111","SENSORID":4,"FUNCID":3,"NDATA":2,"SENSORTYPE":"PWR-METER-POWER","RCV_BYTES":["021A","6218"],"DATAS":[538,25112],"DATAS1":[],"DATAS2":[],"TIMESTAMP":"2025-06-25T11:14:33.494Z","BUFFER":"2B5243563A3131312C040304021A6218A626"}
{"DTUID":"111","SENSORID":4,"FUNCID":3,"NDATA":2,"SENSORTYPE":"PWR-METER-POWER","RCV_BYTES":["021A","6281"],"DATAS":[538,25217],"DATAS1":[],"DATAS2":[],"TIMESTAMP":"2025-06-25T11:16:35.163Z","BUFFER":"2B5243563A3131312C040304021A6281664C"}
{"DTUID":"111","SENSORID":4,"FUNCID":3,"NDATA":2,"SENSORTYPE":"PWR-METER-POWER","RCV_BYTES":["021A","7CD0"],"DATAS":[538,31952],"DATAS1":[],"DATAS2":[],"TIMESTAMP":"2025-06-25T13:14:43.090Z","BUFFER":"2B5243563A3131312C040304021A7CD0AE10"}
{"DTUID":"111","SENSORID":4,"FUNCID":3,"NDATA":2,"SENSORTYPE":"PWR-METER-POWER","RCV_BYTES":["021A","7E10"],"DATAS":[538,32272],"DATAS1":[],"DATAS2":[],"TIMESTAMP":"2025-06-25T13:19:36.980Z","BUFFER":"2B5243563A3131312C040304021A7E10AF20"}
{"DTUID":"111","SENSORID":4,"FUNCID":3,"NDATA":2,"SENSORTYPE":"PWR-METER-POWER","RCV_BYTES":["021A","8090"],"DATAS":[538,-32624],"DATAS1":[],"DATAS2":[],"TIMESTAMP":"2025-06-25T13:29:33.992Z","BUFFER":"2B5243563A3131312C040304021A8090EEE0"}
{"DTUID":"111","SENSORID":4,"FUNCID":3,"NDATA":2,"SENSORTYPE":"PWR-METER-POWER","RCV_BYTES":["021A","81F8"],"DATAS":[538,-32264],"DATAS1":[],"DATAS2":[],"TIMESTAMP":"2025-06-25T13:34:33.953Z","BUFFER":"2B5243563A3131312C040304021A81F8EE9E"}
{"DTUID":"111","SENSORID":4,"FUNCID":3,"NDATA":2,"SENSORTYPE":"PWR-METER-POWER","RCV_BYTES":["021A","8338"],"DATAS":[538,-31944],"DATAS1":[],"DATAS2":[],"TIMESTAMP":"2025-06-25T13:39:35.212Z","BUFFER":"2B5243563A3131312C040304021A8338EFAE"}
{"DTUID":"111","SENSORID":4,"FUNCID":3,"NDATA":2,"SENSORTYPE":"PWR-METER-POWER","RCV_BYTES":["021A","9D45"],"DATAS":[538,-25275],"DATAS1":[],"DATAS2":[],"TIMESTAMP":"2025-06-25T15:26:08.499Z","BUFFER":"2B5243563A3131312C040304021A9D45262F"}
{"DTUID":"111","SENSORID":4,"FUNCID":3,"NDATA":2,"SENSORTYPE":"PWR-METER-POWER","RCV_BYTES":["021A","9DF0"],"DATAS":[538,-25104],"DATAS1":[],"DATAS2":[],"TIMESTAMP":"2025-06-25T15:29:34.212Z","BUFFER":"2B5243563A3131312C040304021A9DF0E798"}
{"DTUID":"111","SENSORID":4,"FUNCID":3,"NDATA":2,"SENSORTYPE":"PWR-METER-POWER","RCV_BYTES":["021A","9F30"],"DATAS":[538,-24784],"DATAS1":[],"DATAS2":[],"TIMESTAMP":"2025-06-25T15:34:34.140Z","BUFFER":"2B5243563A3131312C040304021A9F30E6A8"}
{"DTUID":"111","SENSORID":4,"FUNCID":3,"NDATA":2,"SENSORTYPE":"PWR-METER-POWER","RCV_BYTES":["021C","0B90"],"DATAS":[540,2960],"DATAS1":[],"DATAS2":[],"TIMESTAMP":"2025-06-26T15:05:33.239Z","BUFFER":"2B5243563A3131312C040304021C0B906811"}
{"DTUID":"111","SENSORID":4,"FUNCID":3,"NDATA":2,"SENSORTYPE":"PWR-METER-POWER","RCV_BYTES":["021C","0CF8"],"DATAS":[540,3320],"DATAS1":[],"DATAS2":[],"TIMESTAMP":"2025-06-26T15:09:34.939Z","BUFFER":"2B5243563A3131312C040304021C0CF86BCF"}
{"DTUID":"111","SENSORID":4,"FUNCID":3,"NDATA":2,"SENSORTYPE":"PWR-METER-POWER","RCV_BYTES":["021C","0E60"],"DATAS":[540,3680],"DATAS1":[],"DATAS2":[],"TIMESTAMP":"2025-06-26T15:14:41.284Z","BUFFER":"2B5243563A3131312C040304021C0E606B05"}
{"DTUID":"111","SENSORID":4,"FUNCID":3,"NDATA":2,"SENSORTYPE":"PWR-METER-POWER","RCV_BYTES":["021C","0FA0"],"DATAS":[540,4000],"DATAS1":[],"DATAS2":[],"TIMESTAMP":"2025-06-26T15:19:35.561Z","BUFFER":"2B5243563A3131312C040304021C0FA06AC5"}
{"DTUID":"111","SENSORID":4,"FUNCID":3,"NDATA":2,"SENSORTYPE":"PWR-METER-POWER","RCV_BYTES":["021C","1108"],"DATAS":[540,4360],"DATAS1":[],"DATAS2":[],"TIMESTAMP":"2025-06-26T15:24:35.368Z","BUFFER":"2B5243563A3131312C040304021C110862DB"}
{"DTUID":"111","SENSORID":4,"FUNCID":3,"NDATA":2,"SENSORTYPE":"PWR-METER-POWER","RCV_BYTES":["021C","1270"],"DATAS":[540,4720],"DATAS1":[],"DATAS2":[],"TIMESTAMP":"2025-06-26T15:29:35.419Z","BUFFER":"2B5243563A3131312C040304021C12706209"}
{"DTUID":"111","SENSORID":4,"FUNCID":3,"NDATA":2,"SENSORTYPE":"PWR-METER-POWER","RCV_BYTES":["021C","13D8"],"DATAS":[540,5080],"DATAS1":[],"DATAS2":[],"TIMESTAMP":"2025-06-26T15:34:36.679Z","BUFFER":"2B5243563A3131312C040304021C13D86227"}
{"DTUID":"111","SENSORID":4,"FUNCID":3,"NDATA":2,"SENSORTYPE":"PWR-METER-POWER","RCV_BYTES":["021C","1518"],"DATAS":[540,5400],"DATAS1":[],"DATAS2":[],"TIMESTAMP":"2025-06-26T15:39:35.145Z","BUFFER":"2B5243563A3131312C040304021C151861D7"}
{"DTUID":"111","SENSORID":4,"FUNCID":3,"NDATA":2,"SENSORTYPE":"PWR-METER-POWER","RCV_BYTES":["021C","1680"],"DATAS":[540,5760],"DATAS1":[],"DATAS2":[],"TIMESTAMP":"2025-06-26T15:44:35.401Z","BUFFER":"2B5243563A3131312C040304021C1680608D"}
{"DTUID":"111","SENSORID":4,"FUNCID":3,"NDATA":2,"SENSORTYPE":"PWR-METER-POWER","RCV_BYTES":["021C","17C0"],"DATAS":[540,6080],"DATAS1":[],"DATAS2":[],"TIMESTAMP":"2025-06-26T15:49:35.481Z","BUFFER":"2B5243563A3131312C040304021C17C060ED"}
{"DTUID":"111","SENSORID":4,"FUNCID":3,"NDATA":2,"SENSORTYPE":"PWR-METER-POWER","RCV_BYTES":["021C","1900"],"DATAS":[540,6400],"DATAS1":[],"DATAS2":[],"TIMESTAMP":"2025-06-26T15:54:35.632Z","BUFFER":"2B5243563A3131312C040304021C190064DD"}
{"DTUID":"111","SENSORID":4,"FUNCID":3,"NDATA":2,"SENSORTYPE":"PWR-METER-POWER","RCV_BYTES":["021C","1A40"],"DATAS":[540,6720],"DATAS1":[],"DATAS2":[],"TIMESTAMP":"2025-06-26T15:59:35.575Z","BUFFER":"2B5243563A3131312C040304021C1A4065DD"}
{"DTUID":"111","SENSORID":4,"FUNCID":3,"NDATA":2,"SENSORTYPE":"PWR-METER-POWER","RCV_BYTES":["021F","6EC0"],"DATAS":[543,28352],"DATAS1":[],"DATAS2":[],"TIMESTAMP":"2025-06-30T12:54:40.382Z","BUFFER":"2B5243563A3131312C040304021F6EC0B37D"}
{"DTUID":"111","SENSORID":4,"FUNCID":3,"NDATA":2,"SENSORTYPE":"PWR-METER-POWER","RCV_BYTES":["021F","6EC0"],"DATAS":[543,28352],"DATAS1":[],"DATAS2":[],"TIMESTAMP":"2025-06-30T12:59:40.410Z","BUFFER":"2B5243563A3131312C040304021F6EC0B37D"}
{"DTUID":"111","SENSORID":4,"FUNCID":3,"NDATA":2,"SENSORTYPE":"PWR-METER-POWER","RCV_BYTES":["021F","6EC0"],"DATAS":[543,28352],"DATAS1":[],"DATAS2":[],"TIMESTAMP":"2025-06-30T13:04:40.330Z","BUFFER":"2B5243563A3131312C040304021F6EC0B37D"}
{"DTUID":"111","SENSORID":4,"FUNCID":3,"NDATA":2,"SENSORTYPE":"PWR-METER-POWER","RCV_BYTES":["021F","6EC0"],"DATAS":[543,28352],"DATAS1":[],"DATAS2":[],"TIMESTAMP":"2025-06-30T13:09:40.487Z","BUFFER":"2B5243563A3131312C040304021F6EC0B37D"}
{"DTUID":"111","SENSORID":4,"FUNCID":3,"NDATA":2,"SENSORTYPE":"PWR-METER-POWER","RCV_BYTES":["021F","6EC0"],"DATAS":[543,28352],"DATAS1":[],"DATAS2":[],"TIMESTAMP":"2025-06-30T13:14:40.390Z","BUFFER":"2B5243563A3131312C040304021F6EC0B37D"}
{"DTUID":"111","SENSORID":4,"FUNCID":3,"NDATA":2,"SENSORTYPE":"PWR-METER-POWER","RCV_BYTES":["021F","6EC0"],"DATAS":[543,28352],"DATAS1":[],"DATAS2":[],"TIMESTAMP":"2025-06-30T13:19:40.446Z","BUFFER":"2B5243563A3131312C040304021F6EC0B37D"}
{"DTUID":"111","SENSORID":4,"FUNCID":3,"NDATA":2,"SENSORTYPE":"PWR-METER-POWER","RCV_BYTES":["0221","D65C"],"DATAS":[545,-10660],"DATAS1":[],"DATAS2":[],"TIMESTAMP":"2025-07-01T22:28:37.909Z","BUFFER":"2B5243563A3131312C0403040221D65CA0D8"}
{"DTUID":"111","SENSORID":4,"FUNCID":3,"NDATA":2,"SENSORTYPE":"PWR-METER-POWER","RCV_BYTES":["0221","D728"],"DATAS":[545,-10456],"DATAS1":[],"DATAS2":[],"TIMESTAMP":"2025-07-01T22:30:15.229Z","BUFFER":"2B5243563A3131312C0403040221D728A16F"}
{"DTUID":"111","SENSORID":4,"FUNCID":3,"NDATA":2,"SENSORTYPE":"PWR-METER-POWER","RCV_BYTES":["0221","D9F8"],"DATAS":[545,-9736],"DATAS1":[],"DATAS2":[],"TIMESTAMP":"2025-07-01T22:35:10.510Z","BUFFER":"2B5243563A3131312C0403040221D9F8A493"}
{"DTUID":"111","SENSORID":4,"FUNCID":3,"NDATA":2,"SENSORTYPE":"PWR-METER-POWER","RCV_BYTES":["0221","DBEB"],"DATAS":[545,-9237],"DATAS1":[],"DATAS2":[],"TIMESTAMP":"2025-07-01T22:38:41.370Z","BUFFER":"2B5243563A3131312C0403040221DBEBE43E"}
{"DTUID":"111","SENSORID":4,"FUNCID":3,"NDATA":2,"SENSORTYPE":"PWR-METER-POWER","RCV_BYTES":["0221","DCC8"],"DATAS":[545,-9016],"DATAS1":[],"DATAS2":[],"TIMESTAMP":"2025-07-01T22:40:14.430Z","BUFFER":"2B5243563A3131312C0403040221DCC8A7D7"}
{"DTUID":"111","SENSORID":4,"FUNCID":3,"NDATA":2,"SENSORTYPE":"PWR-METER-POWER","RCV_BYTES":["0221","DF70"],"DATAS":[545,-8336],"DATAS1":[],"DATAS2":[],"TIMESTAMP":"2025-07-01T22:45:10.470Z","BUFFER":"2B5243563A3131312C0403040221DF70A755"}
{"DTUID":"111","SENSORID":4,"FUNCID":3,"NDATA":2,"SENSORTYPE":"PWR-METER-POWER","RCV_BYTES":["0221","E17C"],"DATAS":[545,-7812],"DATAS1":[],"DATAS2":[],"TIMESTAMP":"2025-07-01T22:48:41.289Z","BUFFER":"2B5243563A3131312C0403040221E17CB730"}
{"DTUID":"111","SENSORID":4,"FUNCID":3,"NDATA":2,"SENSORTYPE":"PWR-METER-POWER","RCV_BYTES":["0221","E240"],"DATAS":[545,-7616],"DATAS1":[],"DATAS2":[],"TIMESTAMP":"2025-07-01T22:50:09.970Z","BUFFER":"2B5243563A3131312C0403040221E240B7D1"}
{"DTUID":"111","SENSORID":4,"FUNCID":3,"NDATA":2,"SENSORTYPE":"PWR-METER-POWER","RCV_BYTES":["0221","E4E8"],"DATAS":[545,-6936],"DATAS1":[],"DATAS2":[],"TIMESTAMP":"2025-07-01T22:55:10.517Z","BUFFER":"2B5243563A3131312C0403040221E4E8B5CF"}
{"DTUID":"111","SENSORID":4,"FUNCID":3,"NDATA":2,"SENSORTYPE":"PWR-METER-POWER","RCV_BYTES":["0221","E6F4"],"DATAS":[545,-6412],"DATAS1":[],"DATAS2":[],"TIMESTAMP":"2025-07-01T22:58:40.930Z","BUFFER":"2B5243563A3131312C0403040221E6F4B566"}
{"DTUID":"111","SENSORID":4,"FUNCID":3,"NDATA":2,"SENSORTYPE":"PWR-METER-POWER","RCV_BYTES":["0221","E7B8"],"DATAS":[545,-6216],"DATAS1":[],"DATAS2":[],"TIMESTAMP":"2025-07-01T23:00:08.551Z","BUFFER":"2B5243563A3131312C0403040221E7B8B503"}
{"DTUID":"111","SENSORID":4,"FUNCID":3,"NDATA":2,"SENSORTYPE":"PWR-METER-POWER","RCV_BYTES":["0221","EA88"],"DATAS":[545,-5496],"DATAS1":[],"DATAS2":[],"TIMESTAMP":"2025-07-01T23:05:10.750Z","BUFFER":"2B5243563A3131312C0403040221EA88B187"}
{"DTUID":"111","SENSORID":4,"FUNCID":3,"NDATA":2,"SENSORTYPE":"PWR-METER-POWER","RCV_BYTES":["0221","EC87"],"DATAS":[545,-4985],"DATAS1":[],"DATAS2":[],"TIMESTAMP":"2025-07-01T23:08:38.950Z","BUFFER":"2B5243563A3131312C0403040221EC87F223"}
{"DTUID":"111","SENSORID":4,"FUNCID":3,"NDATA":2,"SENSORTYPE":"PWR-METER-POWER","RCV_BYTES":["0221","ED58"],"DATAS":[545,-4776],"DATAS1":[],"DATAS2":[],"TIMESTAMP":"2025-07-01T23:10:10.130Z","BUFFER":"2B5243563A3131312C0403040221ED58B22B"}
{"DTUID":"111","SENSORID":4,"FUNCID":3,"NDATA":2,"SENSORTYPE":"PWR-METER-POWER","RCV_BYTES":["0221","F000"],"DATAS":[545,-4096],"DATAS1":[],"DATAS2":[],"TIMESTAMP":"2025-07-01T23:15:10.550Z","BUFFER":"2B5243563A3131312C0403040221F000BA81"}
{"DTUID":"111","SENSORID":4,"FUNCID":3,"NDATA":2,"SENSORTYPE":"PWR-METER-POWER","RCV_BYTES":["0221","F2D0"],"DATAS":[545,-3376],"DATAS1":[],"DATAS2":[],"TIMESTAMP":"2025-07-01T23:20:55.930Z","BUFFER":"2B5243563A3131312C0403040221F2D0BA7D"}
{"DTUID":"111","SENSORID":4,"FUNCID":3,"NDATA":2,"SENSORTYPE":"PWR-METER-POWER","RCV_BYTES":["0221","F5A0"],"DATAS":[545,-2656],"DATAS1":[],"DATAS2":[],"TIMESTAMP":"2025-07-01T23:25:10.537Z","BUFFER":"2B5243563A3131312C0403040221F5A0B9A9"}
{"DTUID":"111","SENSORID":4,"FUNCID":3,"NDATA":2,"SENSORTYPE":"PWR-METER-POWER","RCV_BYTES":["0221","F870"],"DATAS":[545,-1936],"DATAS1":[],"DATAS2":[],"TIMESTAMP":"2025-07-01T23:30:10.591Z","BUFFER":"2B5243563A3131312C0403040221F870BCA5"}
{"DTUID":"111","SENSORID":4,"FUNCID":3,"NDATA":2,"SENSORTYPE":"PWR-METER-POWER","RCV_BYTES":["0221","FB40"],"DATAS":[545,-1216],"DATAS1":[],"DATAS2":[],"TIMESTAMP":"2025-07-01T23:35:10.569Z","BUFFER":"2B5243563A3131312C0403040221FB40BC41"}
{"DTUID":"111","SENSORID":4,"FUNCID":3,"NDATA":2,"SENSORTYPE":"PWR-METER-POWER","RCV_BYTES":["0221","FDE8"],"DATAS":[545,-536],"DATAS1":[],"DATAS2":[],"TIMESTAMP":"2025-07-01T23:40:10.471Z","BUFFER":"2B5243563A3131312C0403040221FDE8BE5F"}
{"DTUID":"111","SENSORID":4,"FUNCID":3,"NDATA":2,"SENSORTYPE":"PWR-METER-POWER","RCV_BYTES":["0222","00B8"],"DATAS":[546,184],"DATAS1":[],"DATAS2":[],"TIMESTAMP":"2025-07-01T23:45:10.090Z","BUFFER":"2B5243563A3131312C040304022200B80EF3"}
{"DTUID":"111","SENSORID":4,"FUNCID":3,"NDATA":2,"SENSORTYPE":"PWR-METER-POWER","RCV_BYTES":["0222","0388"],"DATAS":[546,904],"DATAS1":[],"DATAS2":[],"TIMESTAMP":"2025-07-01T23:50:10.599Z","BUFFER":"2B5243563A3131312C040304022203880E17"}
{"DTUID":"111","SENSORID":4,"FUNCID":3,"NDATA":2,"SENSORTYPE":"PWR-METER-POWER","RCV_BYTES":["0222","0658"],"DATAS":[546,1624],"DATAS1":[],"DATAS2":[],"TIMESTAMP":"2025-07-01T23:55:10.171Z","BUFFER":"2B5243563A3131312C040304022206580CDB"}
{"DTUID":"111","SENSORID":4,"FUNCID":3,"NDATA":2,"SENSORTYPE":"PWR-METER-POWER","RCV_BYTES":["0222","0900"],"DATAS":[546,2304],"DATAS1":[],"DATAS2":[],"TIMESTAMP":"2025-07-02T00:00:10.631Z","BUFFER":"2B5243563A3131312C0403040222090008D1"}
{"DTUID":"111","SENSORID":4,"FUNCID":3,"NDATA":2,"SENSORTYPE":"PWR-METER-POWER","RCV_BYTES":["0222","0BD0"],"DATAS":[546,3024],"DATAS1":[],"DATAS2":[],"TIMESTAMP":"2025-07-02T00:05:10.609Z","BUFFER":"2B5243563A3131312C04030402220BD0082D"}
{"DTUID":"111","SENSORID":4,"FUNCID":3,"NDATA":2,"SENSORTYPE":"PWR-METER-POWER","RCV_BYTES":["0222","0EA0"],"DATAS":[546,3744],"DATAS1":[],"DATAS2":[],"TIMESTAMP":"2025-07-02T00:10:10.598Z","BUFFER":"2B5243563A3131312C04030402220EA00A99"}
{"DTUID":"111","SENSORID":4,"FUNCID":3,"NDATA":2,"SENSORTYPE":"PWR-METER-POWER","RCV_BYTES":["0222","1170"],"DATAS":[546,4464],"DATAS1":[],"DATAS2":[],"TIMESTAMP":"2025-07-02T00:15:10.570Z","BUFFER":"2B5243563A3131312C040304022211700335"}
{"DTUID":"111","SENSORID":4,"FUNCID":3,"NDATA":2,"SENSORTYPE":"PWR-METER-POWER","RCV_BYTES":["0222","1440"],"DATAS":[546,5184],"DATAS1":[],"DATAS2":[],"TIMESTAMP":"2025-07-02T00:20:10.689Z","BUFFER":"2B5243563A3131312C040304022214400071"}
{"DTUID":"111","SENSORID":4,"FUNCID":3,"NDATA":2,"SENSORTYPE":"PWR-METER-POWER","RCV_BYTES":["0222","16E8"],"DATAS":[546,5864],"DATAS1":[],"DATAS2":[],"TIMESTAMP":"2025-07-02T00:25:10.529Z","BUFFER":"2B5243563A3131312C040304022216E800AF"}
{"DTUID":"111","SENSORID":4,"FUNCID":3,"NDATA":2,"SENSORTYPE":"PWR-METER-POWER","RCV_BYTES":["0224","7780"],"DATAS":[548,30592],"DATAS1":[],"DATAS2":[],"TIMESTAMP":"2025-07-03T03:40:09.487Z","BUFFER":"2B5243563A3131312C04030402247780C8D0"}
{"DTUID":"111","SENSORID":4,"FUNCID":3,"NDATA":2,"SENSORTYPE":"PWR-METER-POWER","RCV_BYTES":["0224","7960"],"DATAS":[548,31072],"DATAS1":[],"DATAS2":[],"TIMESTAMP":"2025-07-03T03:45:12.231Z","BUFFER":"2B5243563A3131312C04030402247960CD38"}
{"DTUID":"111","SENSORID":4,"FUNCID":3,"NDATA":2,"SENSORTYPE":"PWR-METER-POWER","RCV_BYTES":["0224","7B40"],"DATAS":[548,31552],"DATAS1":[],"DATAS2":[],"TIMESTAMP":"2025-07-03T03:50:22.768Z","BUFFER":"2B5243563A3131312C04030402247B40CD80"}
{"DTUID":"111","SENSORID":4,"FUNCID":3,"NDATA":2,"SENSORTYPE":"PWR-METER-POWER","RCV_BYTES":["0224","80B8"],"DATAS":[548,-32584],"DATAS1":[],"DATAS2":[],"TIMESTAMP":"2025-07-03T04:05:12.208Z","BUFFER":"2B5243563A3131312C040304022480B88F32"}
{"DTUID":"111","SENSORID":4,"FUNCID":3,"NDATA":2,"SENSORTYPE":"PWR-METER-POWER","RCV_BYTES":["0224","8270"],"DATAS":[548,-32144],"DATAS1":[],"DATAS2":[],"TIMESTAMP":"2025-07-03T04:10:12.148Z","BUFFER":"2B5243563A3131312C040304022482708FC4"}
{"DTUID":"111","SENSORID":4,"FUNCID":3,"NDATA":2,"SENSORTYPE":"PWR-METER-POWER","RCV_BYTES":["0224","8450"],"DATAS":[548,-31664],"DATAS1":[],"DATAS2":[],"TIMESTAMP":"2025-07-03T04:15:12.267Z","BUFFER":"2B5243563A3131312C040304022484508DBC"}
{"DTUID":"111","SENSORID":4,"FUNCID":3,"NDATA":2,"SENSORTYPE":"PWR-METER-POWER","RCV_BYTES":["0224","8630"],"DATAS":[548,-31184],"DATAS1":[],"DATAS2":[],"TIMESTAMP":"2025-07-03T04:20:12.298Z","BUFFER":"2B5243563A3131312C040304022486308CF4"}
{"DTUID":"111","SENSORID":4,"FUNCID":3,"NDATA":2,"SENSORTYPE":"PWR-METER-POWER","RCV_BYTES":["0224","8810"],"DATAS":[548,-30704],"DATAS1":[],"DATAS2":[],"TIMESTAMP":"2025-07-03T04:25:12.357Z","BUFFER":"2B5243563A3131312C04030402248810894C"}
{"DTUID":"111","SENSORID":4,"FUNCID":3,"NDATA":2,"SENSORTYPE":"PWR-METER-POWER","RCV_BYTES":["0224","89F0"],"DATAS":[548,-30224],"DATAS1":[],"DATAS2":[],"TIMESTAMP":"2025-07-03T04:30:12.254Z","BUFFER":"2B5243563A3131312C040304022489F08954"}
{"DTUID":"111","SENSORID":4,"FUNCID":3,"NDATA":2,"SENSORTYPE":"PWR-METER-POWER","RCV_BYTES":["0224","8BD0"],"DATAS":[548,-29744],"DATAS1":[],"DATAS2":[],"TIMESTAMP":"2025-07-03T04:35:11.920Z","BUFFER":"2B5243563A3131312C04030402248BD089EC"}
{"DTUID":"111","SENSORID":4,"FUNCID":3,"NDATA":2,"SENSORTYPE":"PWR-METER-POWER","RCV_BYTES":["0224","8DB0"],"DATAS":[548,-29264],"DATAS1":[],"DATAS2":[],"TIMESTAMP":"2025-07-03T04:40:11.800Z","BUFFER":"2B5243563A3131312C04030402248DB08A64"}
{"DTUID":"111","SENSORID":4,"FUNCID":3,"NDATA":2,"SENSORTYPE":"PWR-METER-POWER","RCV_BYTES":["0224","8F90"],"DATAS":[548,-28784],"DATAS1":[],"DATAS2":[],"TIMESTAMP":"2025-07-03T04:45:13.445Z","BUFFER":"2B5243563A3131312C04030402248F908ADC"}
{"DTUID":"111","SENSORID":4,"FUNCID":3,"NDATA":2,"SENSORTYPE":"PWR-METER-POWER","RCV_BYTES":["0224","9198"],"DATAS":[548,-28264],"DATAS1":[],"DATAS2":[],"TIMESTAMP":"2025-07-03T04:50:48.200Z","BUFFER":"2B5243563A3131312C0403040224919882BA"}
{"DTUID":"111","SENSORID":4,"FUNCID":3,"NDATA":2,"SENSORTYPE":"PWR-METER-POWER","RCV_BYTES":["0224","9328"],"DATAS":[548,-27864],"DATAS1":[],"DATAS2":[],"TIMESTAMP":"2025-07-03T04:55:12.287Z","BUFFER":"2B5243563A3131312C04030402249328826E"}
{"DTUID":"111","SENSORID":4,"FUNCID":3,"NDATA":2,"SENSORTYPE":"PWR-METER-POWER","RCV_BYTES":["0224","9508"],"DATAS":[548,-27384],"DATAS1":[],"DATAS2":[],"TIMESTAMP":"2025-07-03T05:00:11.374Z","BUFFER":"2B5243563A3131312C040304022495088016"}
{"DTUID":"111","SENSORID":4,"FUNCID":3,"NDATA":2,"SENSORTYPE":"PWR-METER-POWER","RCV_BYTES":["0224","96E8"],"DATAS":[548,-26904],"DATAS1":[],"DATAS2":[],"TIMESTAMP":"2025-07-03T05:05:11.899Z","BUFFER":"2B5243563A3131312C040304022496E8816E"}
{"DTUID":"111","SENSORID":4,"FUNCID":3,"NDATA":2,"SENSORTYPE":"PWR-METER-POWER","RCV_BYTES":["0224","98C8"],"DATAS":[548,-26424],"DATAS1":[],"DATAS2":[],"TIMESTAMP":"2025-07-03T05:10:12.260Z","BUFFER":"2B5243563A3131312C040304022498C884D6"}
{"DTUID":"111","SENSORID":4,"FUNCID":3,"NDATA":2,"SENSORTYPE":"PWR-METER-POWER","RCV_BYTES":["0224","9AA8"],"DATAS":[548,-25944],"DATAS1":[],"DATAS2":[],"TIMESTAMP":"2025-07-03T05:15:12.240Z","BUFFER":"2B5243563A3131312C04030402249AA8859E"}
{"DTUID":"111","SENSORID":4,"FUNCID":3,"NDATA":2,"SENSORTYPE":"PWR-METER-POWER","RCV_BYTES":["0224","9C88"],"DATAS":[548,-25464],"DATAS1":[],"DATAS2":[],"TIMESTAMP":"2025-07-03T05:20:11.860Z","BUFFER":"2B5243563A3131312C04030402249C8887E6"}
{"DTUID":"111","SENSORID":4,"FUNCID":3,"NDATA":2,"SENSORTYPE":"PWR-METER-POWER","RCV_BYTES":["0224","9E68"],"DATAS":[548,-24984],"DATAS1":[],"DATAS2":[],"TIMESTAMP":"2025-07-03T05:25:11.524Z","BUFFER":"2B5243563A3131312C04030402249E68870E"}
{"DTUID":"111","SENSORID":4,"FUNCID":3,"NDATA":2,"SENSORTYPE":"PWR-METER-POWER","RCV_BYTES":["0224","A048"],"DATAS":[548,-24504],"DATAS1":[],"DATAS2":[],"TIMESTAMP":"2025-07-03T05:30:11.989Z","BUFFER":"2B5243563A3131312C0403040224A04896B6"}
{"DTUID":"111","SENSORID":4,"FUNCID":3,"NDATA":2,"SENSORTYPE":"PWR-METER-POWER","RCV_BYTES":["0224","A228"],"DATAS":[548,-24024],"DATAS1":[],"DATAS2":[],"TIMESTAMP":"2025-07-03T05:35:11.885Z","BUFFER":"2B5243563A3131312C0403040224A22897FE"}
{"DTUID":"111","SENSORID":4,"FUNCID":3,"NDATA":2,"SENSORTYPE":"PWR-METER-POWER","RCV_BYTES":["0224","F440"],"DATAS":[548,-3008],"DATAS1":[],"DATAS2":[],"TIMESTAMP":"2025-07-03T09:07:54.827Z","BUFFER":"2B5243563A3131312C0403040224F440A9B0"}
{"DTUID":"111","SENSORID":4,"FUNCID":3,"NDATA":2,"SENSORTYPE":"PWR-METER-POWER","RCV_BYTES":["0224","F520"],"DATAS":[548,-2784],"DATAS1":[],"DATAS2":[],"TIMESTAMP":"2025-07-03T09:10:11.465Z","BUFFER":"2B5243563A3131312C0403040224F520A808"}
{"DTUID":"111","SENSORID":4,"FUNCID":3,"NDATA":2,"SENSORTYPE":"PWR-METER-POWER","RCV_BYTES":["0224","F700"],"DATAS":[548,-2304],"DATAS1":[],"DATAS2":[],"TIMESTAMP":"2025-07-03T09:15:11.286Z","BUFFER":"2B5243563A3131312C0403040224F700A8B0"}
{"DTUID":"111","SENSORID":4,"FUNCID":3,"NDATA":2,"SENSORTYPE":"PWR-METER-POWER","RCV_BYTES":["0224","F82D"],"DATAS":[548,-2003],"DATAS1":[],"DATAS2":[],"TIMESTAMP":"2025-07-03T09:17:54.655Z","BUFFER":"2B5243563A3131312C0403040224F82D6D5D"}
{"DTUID":"111","SENSORID":4,"FUNCID":3,"NDATA":2,"SENSORTYPE":"PWR-METER-POWER","RCV_BYTES":["0224","F908"],"DATAS":[548,-1784],"DATAS1":[],"DATAS2":[],"TIMESTAMP":"2025-07-03T09:20:10.707Z","BUFFER":"2B5243563A3131312C0403040224F908AD16"}
{"DTUID":"111","SENSORID":4,"FUNCID":3,"NDATA":2,"SENSORTYPE":"PWR-METER-POWER","RCV_BYTES":["0224","FAE8"],"DATAS":[548,-1304],"DATAS1":[],"DATAS2":[],"TIMESTAMP":"2025-07-03T09:25:11.393Z","BUFFER":"2B5243563A3131312C0403040224FAE8AC6E"}
{"DTUID":"111","SENSORID":4,"FUNCID":3,"NDATA":2,"SENSORTYPE":"PWR-METER-POWER","RCV_BYTES":["0224","FCC8"],"DATAS":[548,-824],"DATAS1":[],"DATAS2":[],"TIMESTAMP":"2025-07-03T09:30:11.225Z","BUFFER":"2B5243563A3131312C0403040224FCC8AE16"}
{"DTUID":"111","SENSORID":4,"FUNCID":3,"NDATA":2,"SENSORTYPE":"PWR-METER-POWER","RCV_BYTES":["0224","FEA8"],"DATAS":[548,-344],"DATAS1":[],"DATAS2":[],"TIMESTAMP":"2025-07-03T09:35:11.658Z","BUFFER":"2B5243563A3131312C0403040224FEA8AF5E"}
{"DTUID":"111","SENSORID":4,"FUNCID":3,"NDATA":2,"SENSORTYPE":"PWR-METER-POWER","RCV_BYTES":["0225","00B0"],"DATAS":[549,176],"DATAS1":[],"DATAS2":[],"TIMESTAMP":"2025-07-03T09:40:12.386Z","BUFFER":"2B5243563A3131312C040304022500B0BEF4"}
{"DTUID":"111","SENSORID":4,"FUNCID":3,"NDATA":2,"SENSORTYPE":"PWR-METER-POWER","RCV_BYTES":["0225","0290"],"DATAS":[549,656],"DATAS1":[],"DATAS2":[],"TIMESTAMP":"2025-07-03T09:45:11.660Z","BUFFER":"2B5243563A3131312C04030402250290BE4C"}
{"DTUID":"111","SENSORID":4,"FUNCID":3,"NDATA":2,"SENSORTYPE":"PWR-METER-POWER","RCV_BYTES":["0225","0448"],"DATAS":[549,1096],"DATAS1":[],"DATAS2":[],"TIMESTAMP":"2025-07-03T09:50:09.799Z","BUFFER":"2B5243563A3131312C04030402250448BDB6"}
{"DTUID":"111","SENSORID":4,"FUNCID":3,"NDATA":2,"SENSORTYPE":"PWR-METER-POWER","RCV_BYTES":["0225","0628"],"DATAS":[549,1576],"DATAS1":[],"DATAS2":[],"TIMESTAMP":"2025-07-03T09:55:11.720Z","BUFFER":"2B5243563A3131312C04030402250628BCFE"}
{"DTUID":"111","SENSORID":4,"FUNCID":3,"NDATA":2,"SENSORTYPE":"PWR-METER-POWER","RCV_BYTES":["0225","07E0"],"DATAS":[549,2016],"DATAS1":[],"DATAS2":[],"TIMESTAMP":"2025-07-03T10:00:10.820Z","BUFFER":"2B5243563A3131312C040304022507E0BCF8"}
{"DTUID":"111","SENSORID":4,"FUNCID":3,"NDATA":2,"SENSORTYPE":"PWR-METER-POWER","RCV_BYTES":["0225","0998"],"DATAS":[549,2456],"DATAS1":[],"DATAS2":[],"TIMESTAMP":"2025-07-03T10:05:11.858Z","BUFFER":"2B5243563A3131312C04030402250998B8BA"}
{"DTUID":"111","SENSORID":4,"FUNCID":3,"NDATA":2,"SENSORTYPE":"PWR-METER-POWER","RCV_BYTES":["0225","0B50"],"DATAS":[549,2896],"DATAS1":[],"DATAS2":[],"TIMESTAMP":"2025-07-03T10:10:11.919Z","BUFFER":"2B5243563A3131312C04030402250B50B84C"}
{"DTUID":"111","SENSORID":4,"FUNCID":3,"NDATA":2,"SENSORTYPE":"PWR-METER-POWER","RCV_BYTES":["0225","0D30"],"DATAS":[549,3376],"DATAS1":[],"DATAS2":[],"TIMESTAMP":"2025-07-03T10:15:11.739Z","BUFFER":"2B5243563A3131312C04030402250D30BBC4"}
{"DTUID":"111","SENSORID":4,"FUNCID":3,"NDATA":2,"SENSORTYPE":"PWR-METER-POWER","RCV_BYTES":["0225","0EE8"],"DATAS":[549,3816],"DATAS1":[],"DATAS2":[],"TIMESTAMP":"2025-07-03T10:20:11.359Z","BUFFER":"2B5243563A3131312C04030402250EE8BB6E"}
{"DTUID":"111","SENSORID":4,"FUNCID":3,"NDATA":2,"SENSORTYPE":"PWR-METER-POWER","RCV_BYTES":["0225","10A0"],"DATAS":[549,4256],"DATAS1":[],"DATAS2":[],"TIMESTAMP":"2025-07-03T10:25:11.719Z","BUFFER":"2B5243563A3131312C040304022510A0B2F8"}
{"DTUID":"111","SENSORID":4,"FUNCID":3,"NDATA":2,"SENSORTYPE":"PWR-METER-POWER","RCV_BYTES":["0225","1230"],"DATAS":[549,4656],"DATAS1":[],"DATAS2":[],"TIMESTAMP":"2025-07-03T10:30:11.720Z","BUFFER":"2B5243563A3131312C04030402251230B3F4"}
{"DTUID":"111","SENSORID":4,"FUNCID":3,"NDATA":2,"SENSORTYPE":"PWR-METER-POWER","RCV_BYTES":["0225","13C0"],"DATAS":[549,5056],"DATAS1":[],"DATAS2":[],"TIMESTAMP":"2025-07-03T10:35:11.878Z","BUFFER":"2B5243563A3131312C040304022513C0B220"}
{"DTUID":"111","SENSORID":4,"FUNCID":3,"NDATA":2,"SENSORTYPE":"PWR-METER-POWER","RCV_BYTES":["0225","1550"],"DATAS":[549,5456],"DATAS1":[],"DATAS2":[],"TIMESTAMP":"2025-07-03T10:40:11.558Z","BUFFER":"2B5243563A3131312C04030402251550B1EC"}
{"DTUID":"111","SENSORID":4,"FUNCID":3,"NDATA":2,"SENSORTYPE":"PWR-METER-POWER","RCV_BYTES":["0225","16E0"],"DATAS":[549,5856],"DATAS1":[],"DATAS2":[],"TIMESTAMP":"2025-07-03T10:45:12.678Z","BUFFER":"2B5243563A3131312C040304022516E0B0A8"}
{"DTUID":"111","SENSORID":4,"FUNCID":3,"NDATA":2,"SENSORTYPE":"PWR-METER-POWER","RCV_BYTES":["0225","1870"],"DATAS":[549,6256],"DATAS1":[],"DATAS2":[],"TIMESTAMP":"2025-07-03T10:50:14.118Z","BUFFER":"2B5243563A3131312C04030402251870B4A4"}
{"DTUID":"111","SENSORID":4,"FUNCID":3,"NDATA":2,"SENSORTYPE":"PWR-METER-POWER","RCV_BYTES":["0225","1A00"],"DATAS":[549,6656],"DATAS1":[],"DATAS2":[],"TIMESTAMP":"2025-07-03T10:55:12.619Z","BUFFER":"2B5243563A3131312C04030402251A00B420"}
{"DTUID":"111","SENSORID":4,"FUNCID":3,"NDATA":2,"SENSORTYPE":"PWR-METER-POWER","RCV_BYTES":["0225","1B90"],"DATAS":[549,7056],"DATAS1":[],"DATAS2":[],"TIMESTAMP":"2025-07-03T11:00:12.547Z","BUFFER":"2B5243563A3131312C04030402251B90B5DC"}
{"DTUID":"111","SENSORID":4,"FUNCID":3,"NDATA":2,"SENSORTYPE":"PWR-METER-POWER","RCV_BYTES":["0225","1D48"],"DATAS":[549,7496],"DATAS1":[],"DATAS2":[],"TIMESTAMP":"2025-07-03T11:05:12.600Z","BUFFER":"2B5243563A3131312C04030402251D48B626"}
{"DTUID":"111","SENSORID":4,"FUNCID":3,"NDATA":2,"SENSORTYPE":"PWR-METER-POWER","RCV_BYTES":["0225","1ED8"],"DATAS":[549,7896],"DATAS1":[],"DATAS2":[],"TIMESTAMP":"2025-07-03T11:10:56.961Z","BUFFER":"2B5243563A3131312C04030402251ED8B6BA"}
{"DTUID":"111","SENSORID":4,"FUNCID":3,"NDATA":2,"SENSORTYPE":"PWR-METER-POWER","RCV_BYTES":["0225","2040"],"DATAS":[549,8256],"DATAS1":[],"DATAS2":[],"TIMESTAMP":"2025-07-03T11:15:12.666Z","BUFFER":"2B5243563A3131312C04030402252040A770"}
{"DTUID":"111","SENSORID":4,"FUNCID":3,"NDATA":2,"SENSORTYPE":"PWR-METER-POWER","RCV_BYTES":["0225","21D0"],"DATAS":[549,8656],"DATAS1":[],"DATAS2":[],"TIMESTAMP":"2025-07-03T11:20:57.238Z","BUFFER":"2B5243563A3131312C040304022521D0A68C"}
{"DTUID":"111","SENSORID":4,"FUNCID":3,"NDATA":2,"SENSORTYPE":"PWR-METER-POWER","RCV_BYTES":["0225","2360"],"DATAS":[549,9056],"DATAS1":[],"DATAS2":[],"TIMESTAMP":"2025-07-03T11:25:13.018Z","BUFFER":"2B5243563A3131312C04030402252360A658"}
{"DTUID":"111","SENSORID":4,"FUNCID":3,"NDATA":2,"SENSORTYPE":"PWR-METER-POWER","RCV_BYTES":["0225","24F0"],"DATAS":[549,9456],"DATAS1":[],"DATAS2":[],"TIMESTAMP":"2025-07-03T11:30:12.657Z","BUFFER":"2B5243563A3131312C040304022524F0A404"}
{"DTUID":"111","SENSORID":4,"FUNCID":3,"NDATA":2,"SENSORTYPE":"PWR-METER-POWER","RCV_BYTES":["0225","2680"],"DATAS":[549,9856],"DATAS1":[],"DATAS2":[],"TIMESTAMP":"2025-07-03T11:35:13.037Z","BUFFER":"2B5243563A3131312C04030402252680A480"}
{"DTUID":"111","SENSORID":4,"FUNCID":3,"NDATA":2,"SENSORTYPE":"PWR-METER-POWER","RCV_BYTES":["0226","14B3"],"DATAS":[550,5299],"DATAS1":[],"DATAS2":[],"TIMESTAMP":"2025-07-04T00:56:51.521Z","BUFFER":"2B5243563A3131312C040304022614B301F5"}
{"DTUID":"111","SENSORID":4,"FUNCID":3,"NDATA":2,"SENSORTYPE":"PWR-METER-POWER","RCV_BYTES":["0226","15E0"],"DATAS":[550,5600],"DATAS1":[],"DATAS2":[],"TIMESTAMP":"2025-07-04T01:00:13.749Z","BUFFER":"2B5243563A3131312C040304022615E04058"}
{"DTUID":"111","SENSORID":4,"FUNCID":3,"NDATA":2,"SENSORTYPE":"PWR-METER-POWER","RCV_BYTES":["0226","17C0"],"DATAS":[550,6080],"DATAS1":[],"DATAS2":[],"TIMESTAMP":"2025-07-04T01:05:14.402Z","BUFFER":"2B5243563A3131312C040304022617C040E0"}
{"DTUID":"111","SENSORID":4,"FUNCID":3,"NDATA":2,"SENSORTYPE":"PWR-METER-POWER","RCV_BYTES":["0226","19A0"],"DATAS":[550,6560],"DATAS1":[],"DATAS2":[],"TIMESTAMP":"2025-07-04T01:10:14.242Z","BUFFER":"2B5243563A3131312C040304022619A044A8"}
{"DTUID":"111","SENSORID":4,"FUNCID":3,"NDATA":2,"SENSORTYPE":"PWR-METER-POWER","RCV_BYTES":["0226","1B80"],"DATAS":[550,7040],"DATAS1":[],"DATAS2":[],"TIMESTAMP":"2025-07-04T01:15:13.569Z","BUFFER":"2B5243563A3131312C04030402261B804410"}
{"DTUID":"111","SENSORID":4,"FUNCID":3,"NDATA":2,"SENSORTYPE":"PWR-METER-POWER","RCV_BYTES":["0226","1D60"],"DATAS":[550,7520],"DATAS1":[],"DATAS2":[],"TIMESTAMP":"2025-07-04T01:20:13.822Z","BUFFER":"2B5243563A3131312C04030402261D604638"}
{"DTUID":"111","SENSORID":4,"FUNCID":3,"NDATA":2,"SENSORTYPE":"PWR-METER-POWER","RCV_BYTES":["0226","1F18"],"DATAS":[550,7960],"DATAS1":[],"DATAS2":[],"TIMESTAMP":"2025-07-04T01:25:13.485Z","BUFFER":"2B5243563A3131312C04030402261F18477A"}
{"DTUID":"111","SENSORID":4,"FUNCID":3,"NDATA":2,"SENSORTYPE":"PWR-METER-POWER","RCV_BYTES":["0226","20F8"],"DATAS":[550,8440],"DATAS1":[],"DATAS2":[],"TIMESTAMP":"2025-07-04T01:30:13.185Z","BUFFER":"2B5243563A3131312C040304022620F85702"}
{"DTUID":"111","SENSORID":4,"FUNCID":3,"NDATA":2,"SENSORTYPE":"PWR-METER-POWER","RCV_BYTES":["0226","22B0"],"DATAS":[550,8880],"DATAS1":[],"DATAS2":[],"TIMESTAMP":"2025-07-04T01:35:12.345Z","BUFFER":"2B5243563A3131312C040304022622B05654"}
{"DTUID":"111","SENSORID":4,"FUNCID":3,"NDATA":2,"SENSORTYPE":"PWR-METER-POWER","RCV_BYTES":["0226","2356"],"DATAS":[550,9046],"DATAS1":[],"DATAS2":[],"TIMESTAMP":"2025-07-04T01:36:41.906Z","BUFFER":"2B5243563A3131312C04030402262356D64E"}
{"DTUID":"111","SENSORID":4,"FUNCID":3,"NDATA":2,"SENSORTYPE":"PWR-METER-POWER","RCV_BYTES":["0226","2490"],"DATAS":[550,9360],"DATAS1":[],"DATAS2":[],"TIMESTAMP":"2025-07-04T01:40:11.465Z","BUFFER":"2B5243563A3131312C04030402262490542C"}
{"DTUID":"111","SENSORID":4,"FUNCID":3,"NDATA":2,"SENSORTYPE":"PWR-METER-POWER","RCV_BYTES":["0226","2670"],"DATAS":[550,9840],"DATAS1":[],"DATAS2":[],"TIMESTAMP":"2025-07-04T01:45:12.605Z","BUFFER":"2B5243563A3131312C0403040226267054C4"}
{"DTUID":"111","SENSORID":4,"FUNCID":3,"NDATA":2,"SENSORTYPE":"PWR-METER-POWER","RCV_BYTES":["0226","2850"],"DATAS":[550,10320],"DATAS1":[],"DATAS2":[],"TIMESTAMP":"2025-07-04T01:50:13.463Z","BUFFER":"2B5243563A3131312C04030402262850517C"}
{"DTUID":"111","SENSORID":4,"FUNCID":3,"NDATA":2,"SENSORTYPE":"PWR-METER-POWER","RCV_BYTES":["0226","2A30"],"DATAS":[550,10800],"DATAS1":[],"DATAS2":[],"TIMESTAMP":"2025-07-04T01:55:13.304Z","BUFFER":"2B5243563A3131312C04030402262A305034"}
{"DTUID":"111","SENSORID":4,"FUNCID":3,"NDATA":2,"SENSORTYPE":"PWR-METER-POWER","RCV_BYTES":["0226","2C10"],"DATAS":[550,11280],"DATAS1":[],"DATAS2":[],"TIMESTAMP":"2025-07-04T02:00:13.024Z","BUFFER":"2B5243563A3131312C04030402262C10524C"}
{"DTUID":"111","SENSORID":4,"FUNCID":3,"NDATA":2,"SENSORTYPE":"PWR-METER-POWER","RCV_BYTES":["0226","2DC8"],"DATAS":[550,11720],"DATAS1":[],"DATAS2":[],"TIMESTAMP":"2025-07-04T02:05:13.805Z","BUFFER":"2B5243563A3131312C04030402262DC85386"}
{"DTUID":"111","SENSORID":4,"FUNCID":3,"NDATA":2,"SENSORTYPE":"PWR-METER-POWER","RCV_BYTES":["0226","2FA8"],"DATAS":[550,12200],"DATAS1":[],"DATAS2":[],"TIMESTAMP":"2025-07-04T02:10:13.624Z","BUFFER":"2B5243563A3131312C04030402262FA852CE"}
{"DTUID":"111","SENSORID":4,"FUNCID":3,"NDATA":2,"SENSORTYPE":"PWR-METER-POWER","RCV_BYTES":["0226","3188"],"DATAS":[550,12680],"DATAS1":[],"DATAS2":[],"TIMESTAMP":"2025-07-04T02:15:13.462Z","BUFFER":"2B5243563A3131312C040304022631885AB6"}
{"DTUID":"111","SENSORID":4,"FUNCID":3,"NDATA":2,"SENSORTYPE":"PWR-METER-POWER","RCV_BYTES":["0226","3368"],"DATAS":[550,13160],"DATAS1":[],"DATAS2":[],"TIMESTAMP":"2025-07-04T02:20:13.695Z","BUFFER":"2B5243563A3131312C040304022633685A5E"}
{"DTUID":"111","SENSORID":4,"FUNCID":3,"NDATA":2,"SENSORTYPE":"PWR-METER-POWER","RCV_BYTES":["0226","3548"],"DATAS":[550,13640],"DATAS1":[],"DATAS2":[],"TIMESTAMP":"2025-07-04T02:25:13.534Z","BUFFER":"2B5243563A3131312C040304022635485826"}
{"DTUID":"111","SENSORID":4,"FUNCID":3,"NDATA":2,"SENSORTYPE":"PWR-METER-POWER","RCV_BYTES":["0226","3700"],"DATAS":[550,14080],"DATAS1":[],"DATAS2":[],"TIMESTAMP":"2025-07-04T02:30:13.610Z","BUFFER":"2B5243563A3131312C040304022637005970"}
{"DTUID":"111","SENSORID":4,"FUNCID":3,"NDATA":2,"SENSORTYPE":"PWR-METER-POWER","RCV_BYTES":["0226","38E0"],"DATAS":[550,14560],"DATAS1":[],"DATAS2":[],"TIMESTAMP":"2025-07-04T02:35:13.492Z","BUFFER":"2B5243563A3131312C040304022638E05D08"}
{"DTUID":"111","SENSORID":4,"FUNCID":3,"NDATA":2,"SENSORTYPE":"PWR-METER-POWER","RCV_BYTES":["0226","3AC0"],"DATAS":[550,15040],"DATAS1":[],"DATAS2":[],"TIMESTAMP":"2025-07-04T02:40:14.063Z","BUFFER":"2B5243563A3131312C04030402263AC05DB0"}
{"DTUID":"111","SENSORID":4,"FUNCID":3,"NDATA":2,"SENSORTYPE":"PWR-METER-POWER","RCV_BYTES":["0226","3CC8"],"DATAS":[550,15560],"DATAS1":[],"DATAS2":[],"TIMESTAMP":"2025-07-04T02:45:13.687Z","BUFFER":"2B5243563A3131312C04030402263CC85FD6"}
{"DTUID":"111","SENSORID":4,"FUNCID":3,"NDATA":2,"SENSORTYPE":"PWR-METER-POWER","RCV_BYTES":["0226","3ED0"],"DATAS":[550,16080],"DATAS1":[],"DATAS2":[],"TIMESTAMP":"2025-07-04T02:50:13.505Z","BUFFER":"2B5243563A3131312C04030402263ED05EBC"}
{"DTUID":"111","SENSORID":4,"FUNCID":3,"NDATA":2,"SENSORTYPE":"PWR-METER-POWER","RCV_BYTES":["0226","40B0"],"DATAS":[550,16560],"DATAS1":[],"DATAS2":[],"TIMESTAMP":"2025-07-04T02:55:13.723Z","BUFFER":"2B5243563A3131312C040304022640B07F34"}
{"DTUID":"111","SENSORID":4,"FUNCID":3,"NDATA":2,"SENSORTYPE":"PWR-METER-POWER","RCV_BYTES":["0226","42B8"],"DATAS":[550,17080],"DATAS1":[],"DATAS2":[],"TIMESTAMP":"2025-07-04T03:00:14.124Z","BUFFER":"2B5243563A3131312C040304022642B87F92"}
{"DTUID":"111","SENSORID":4,"FUNCID":3,"NDATA":2,"SENSORTYPE":"PWR-METER-POWER","RCV_BYTES":["0226","4498"],"DATAS":[550,17560],"DATAS1":[],"DATAS2":[],"TIMESTAMP":"2025-07-04T03:05:13.611Z","BUFFER":"2B5243563A3131312C040304022644987DEA"}
{"DTUID":"111","SENSORID":4,"FUNCID":3,"NDATA":2,"SENSORTYPE":"PWR-METER-POWER","RCV_BYTES":["0226","4678"],"DATAS":[550,18040],"DATAS1":[],"DATAS2":[],"TIMESTAMP":"2025-07-04T03:10:13.644Z","BUFFER":"2B5243563A3131312C040304022646787D02"}
{"DTUID":"111","SENSORID":4,"FUNCID":3,"NDATA":2,"SENSORTYPE":"PWR-METER-POWER","RCV_BYTES":["0226","4858"],"DATAS":[550,18520],"DATAS1":[],"DATAS2":[],"TIMESTAMP":"2025-07-04T03:15:12.321Z","BUFFER":"2B5243563A3131312C0403040226485878BA"}
{"DTUID":"111","SENSORID":4,"FUNCID":3,"NDATA":2,"SENSORTYPE":"PWR-METER-POWER","RCV_BYTES":["0226","4A38"],"DATAS":[550,19000],"DATAS1":[],"DATAS2":[],"TIMESTAMP":"2025-07-04T03:20:14.122Z","BUFFER":"2B5243563A3131312C04030402264A3879F2"}
{"DTUID":"111","SENSORID":4,"FUNCID":3,"NDATA":2,"SENSORTYPE":"PWR-METER-POWER","RCV_BYTES":["0226","4C18"],"DATAS":[550,19480],"DATAS1":[],"DATAS2":[],"TIMESTAMP":"2025-07-04T03:25:13.683Z","BUFFER":"2B5243563A3131312C04030402264C187B8A"}
{"DTUID":"111","SENSORID":4,"FUNCID":3,"NDATA":2,"SENSORTYPE":"PWR-METER-POWER","RCV_BYTES":["0228","2A6E"],"DATAS":[552,10862],"DATAS1":[],"DATAS2":[],"TIMESTAMP":"2025-07-05T05:03:14.240Z","BUFFER":"2B5243563A3131312C04030402282A6EB00F"}
{"DTUID":"111","SENSORID":4,"FUNCID":3,"NDATA":2,"SENSORTYPE":"PWR-METER-POWER","RCV_BYTES":["0228","2B00"],"DATAS":[552,11008],"DATAS1":[],"DATAS2":[],"TIMESTAMP":"2025-07-05T05:05:12.922Z","BUFFER":"2B5243563A3131312C04030402282B003073"}
{"DTUID":"111","SENSORID":4,"FUNCID":3,"NDATA":2,"SENSORTYPE":"PWR-METER-POWER","RCV_BYTES":["0228","2CB8"],"DATAS":[552,11448],"DATAS1":[],"DATAS2":[],"TIMESTAMP":"2025-07-05T05:10:15.942Z","BUFFER":"2B5243563A3131312C04030402282CB83231"}
{"DTUID":"111","SENSORID":4,"FUNCID":3,"NDATA":2,"SENSORTYPE":"PWR-METER-POWER","RCV_BYTES":["0228","2DCB"],"DATAS":[552,11723],"DATAS1":[],"DATAS2":[],"TIMESTAMP":"2025-07-05T05:13:14.401Z","BUFFER":"2B5243563A3131312C04030402282DCB7244"}
{"DTUID":"111","SENSORID":4,"FUNCID":3,"NDATA":2,"SENSORTYPE":"PWR-METER-POWER","RCV_BYTES":["0228","2E70"],"DATAS":[552,11888],"DATAS1":[],"DATAS2":[],"TIMESTAMP":"2025-07-05T05:15:16.160Z","BUFFER":"2B5243563A3131312C04030402282E7032C7"}
{"DTUID":"111","SENSORID":4,"FUNCID":3,"NDATA":2,"SENSORTYPE":"PWR-METER-POWER","RCV_BYTES":["0228","3028"],"DATAS":[552,12328],"DATAS1":[],"DATAS2":[],"TIMESTAMP":"2025-07-05T05:20:15.348Z","BUFFER":"2B5243563A3131312C040304022830283A9D"}
{"DTUID":"111","SENSORID":4,"FUNCID":3,"NDATA":2,"SENSORTYPE":"PWR-METER-POWER","RCV_BYTES":["0228","31E0"],"DATAS":[552,12768],"DATAS1":[],"DATAS2":[],"TIMESTAMP":"2025-07-05T05:25:25.140Z","BUFFER":"2B5243563A3131312C040304022831E03A9B"}
{"DTUID":"111","SENSORID":4,"FUNCID":3,"NDATA":2,"SENSORTYPE":"PWR-METER-POWER","RCV_BYTES":["0228","3370"],"DATAS":[552,13168],"DATAS1":[],"DATAS2":[],"TIMESTAMP":"2025-07-05T05:30:15.408Z","BUFFER":"2B5243563A3131312C040304022833703B97"}
{"DTUID":"111","SENSORID":4,"FUNCID":3,"NDATA":2,"SENSORTYPE":"PWR-METER-POWER","RCV_BYTES":["0228","3467"],"DATAS":[552,13415],"DATAS1":[],"DATAS2":[],"TIMESTAMP":"2025-07-05T05:33:14.421Z","BUFFER":"2B5243563A3131312C0403040228346779A9"}
{"DTUID":"111","SENSORID":4,"FUNCID":3,"NDATA":2,"SENSORTYPE":"PWR-METER-POWER","RCV_BYTES":["0228","3500"],"DATAS":[552,13568],"DATAS1":[],"DATAS2":[],"TIMESTAMP":"2025-07-05T05:35:14.901Z","BUFFER":"2B5243563A3131312C0403040228350039D3"}
{"DTUID":"111","SENSORID":4,"FUNCID":3,"NDATA":2,"SENSORTYPE":"PWR-METER-POWER","RCV_BYTES":["0228","3690"],"DATAS":[552,13968],"DATAS1":[],"DATAS2":[],"TIMESTAMP":"2025-07-05T05:40:15.191Z","BUFFER":"2B5243563A3131312C04030402283690394F"}
{"DTUID":"111","SENSORID":4,"FUNCID":3,"NDATA":2,"SENSORTYPE":"PWR-METER-POWER","RCV_BYTES":["0228","3791"],"DATAS":[552,14225],"DATAS1":[],"DATAS2":[],"TIMESTAMP":"2025-07-05T05:43:14.120Z","BUFFER":"2B5243563A3131312C04030402283791F91F"}
{"DTUID":"111","SENSORID":4,"FUNCID":3,"NDATA":2,"SENSORTYPE":"PWR-METER-POWER","RCV_BYTES":["0228","3820"],"DATAS":[552,14368],"DATAS1":[],"DATAS2":[],"TIMESTAMP":"2025-07-05T05:45:54.140Z","BUFFER":"2B5243563A3131312C040304022838203C9B"}
{"DTUID":"111","SENSORID":4,"FUNCID":3,"NDATA":2,"SENSORTYPE":"PWR-METER-POWER","RCV_BYTES":["0228","39B0"],"DATAS":[552,14768],"DATAS1":[],"DATAS2":[],"TIMESTAMP":"2025-07-05T05:50:15.580Z","BUFFER":"2B5243563A3131312C040304022839B03D67"}
{"DTUID":"111","SENSORID":4,"FUNCID":3,"NDATA":2,"SENSORTYPE":"PWR-METER-POWER","RCV_BYTES":["0228","3AC0"],"DATAS":[552,15040],"DATAS1":[],"DATAS2":[],"TIMESTAMP":"2025-07-05T05:53:14.260Z","BUFFER":"2B5243563A3131312C04030402283AC03C73"}
{"DTUID":"111","SENSORID":4,"FUNCID":3,"NDATA":2,"SENSORTYPE":"PWR-METER-POWER","RCV_BYTES":["0228","3B68"],"DATAS":[552,15208],"DATAS1":[],"DATAS2":[],"TIMESTAMP":"2025-07-05T05:55:58.741Z","BUFFER":"2B5243563A3131312C04030402283B683C5D"}
{"DTUID":"111","SENSORID":4,"FUNCID":3,"NDATA":2,"SENSORTYPE":"PWR-METER-POWER","RCV_BYTES":["0228","3CD0"],"DATAS":[552,15568],"DATAS1":[],"DATAS2":[],"TIMESTAMP":"2025-07-05T06:00:15.043Z","BUFFER":"2B5243563A3131312C04030402283CD03E1F"}
{"DTUID":"111","SENSORID":4,"FUNCID":3,"NDATA":2,"SENSORTYPE":"PWR-METER-POWER","RCV_BYTES":["0228","3DE8"],"DATAS":[552,15848],"DATAS1":[],"DATAS2":[],"TIMESTAMP":"2025-07-05T06:03:14.380Z","BUFFER":"2B5243563A3131312C04030402283DE83E5D"}
{"DTUID":"111","SENSORID":4,"FUNCID":3,"NDATA":2,"SENSORTYPE":"PWR-METER-POWER","RCV_BYTES":["0228","3E88"],"DATAS":[552,16008],"DATAS1":[],"DATAS2":[],"TIMESTAMP":"2025-07-05T06:05:12.669Z","BUFFER":"2B5243563A3131312C04030402283E883E85"}
{"DTUID":"111","SENSORID":4,"FUNCID":3,"NDATA":2,"SENSORTYPE":"PWR-METER-POWER","RCV_BYTES":["0228","4018"],"DATAS":[552,16408],"DATAS1":[],"DATAS2":[],"TIMESTAMP":"2025-07-05T06:10:14.964Z","BUFFER":"2B5243563A3131312C040304022840181F49"}
{"DTUID":"111","SENSORID":4,"FUNCID":3,"NDATA":2,"SENSORTYPE":"PWR-METER-POWER","RCV_BYTES":["0228","4100"],"DATAS":[552,16640],"DATAS1":[],"DATAS2":[],"TIMESTAMP":"2025-07-05T06:13:14.280Z","BUFFER":"2B5243563A3131312C040304022841001ED3"}
{"DTUID":"111","SENSORID":4,"FUNCID":3,"NDATA":2,"SENSORTYPE":"PWR-METER-POWER","RCV_BYTES":["0228","4180"],"DATAS":[552,16768],"DATAS1":[],"DATAS2":[],"TIMESTAMP":"2025-07-05T06:15:16.820Z","BUFFER":"2B5243563A3131312C040304022841801F73"}
{"DTUID":"111","SENSORID":4,"FUNCID":3,"NDATA":2,"SENSORTYPE":"PWR-METER-POWER","RCV_BYTES":["0228","4310"],"DATAS":[552,17168],"DATAS1":[],"DATAS2":[],"TIMESTAMP":"2025-07-05T06:20:15.239Z","BUFFER":"2B5243563A3131312C040304022843101E7F"}
{"DTUID":"111","SENSORID":4,"FUNCID":3,"NDATA":2,"SENSORTYPE":"PWR-METER-POWER","RCV_BYTES":["0228","4422"],"DATAS":[552,17442],"DATAS1":[],"DATAS2":[],"TIMESTAMP":"2025-07-05T06:23:14.307Z","BUFFER":"2B5243563A3131312C040304022844229D9A"}
{"DTUID":"111","SENSORID":4,"FUNCID":3,"NDATA":2,"SENSORTYPE":"PWR-METER-POWER","RCV_BYTES":["0228","44A0"],"DATAS":[552,17568],"DATAS1":[],"DATAS2":[],"TIMESTAMP":"2025-07-05T06:25:12.947Z","BUFFER":"2B5243563A3131312C040304022844A01DFB"}
{"DTUID":"111","SENSORID":4,"FUNCID":3,"NDATA":2,"SENSORTYPE":"PWR-METER-POWER","RCV_BYTES":["0228","4630"],"DATAS":[552,17968],"DATAS1":[],"DATAS2":[],"TIMESTAMP":"2025-07-05T06:30:13.719Z","BUFFER":"2B5243563A3131312C040304022846301CF7"}
{"DTUID":"111","SENSORID":4,"FUNCID":3,"NDATA":2,"SENSORTYPE":"PWR-METER-POWER","RCV_BYTES":["0228","4731"],"DATAS":[552,18225],"DATAS1":[],"DATAS2":[],"TIMESTAMP":"2025-07-05T06:33:14.245Z","BUFFER":"2B5243563A3131312C04030402284731DCA7"}
{"DTUID":"111","SENSORID":4,"FUNCID":3,"NDATA":2,"SENSORTYPE":"PWR-METER-POWER","RCV_BYTES":["0228","47C0"],"DATAS":[552,18368],"DATAS1":[],"DATAS2":[],"TIMESTAMP":"2025-07-05T06:35:57.340Z","BUFFER":"2B5243563A3131312C040304022847C01D23"}
{"DTUID":"111","SENSORID":4,"FUNCID":3,"NDATA":2,"SENSORTYPE":"PWR-METER-POWER","RCV_BYTES":["0228","4978"],"DATAS":[552,18808],"DATAS1":[],"DATAS2":[],"TIMESTAMP":"2025-07-05T06:40:15.299Z","BUFFER":"2B5243563A3131312C040304022849781931"}
{"DTUID":"111","SENSORID":4,"FUNCID":3,"NDATA":2,"SENSORTYPE":"PWR-METER-POWER","RCV_BYTES":["0228","4A7E"],"DATAS":[552,19070],"DATAS1":[],"DATAS2":[],"TIMESTAMP":"2025-07-05T06:43:14.180Z","BUFFER":"2B5243563A3131312C04030402284A7E99C3"}
{"DTUID":"111","SENSORID":4,"FUNCID":3,"NDATA":2,"SENSORTYPE":"PWR-METER-POWER","RCV_BYTES":["0228","4B08"],"DATAS":[552,19208],"DATAS1":[],"DATAS2":[],"TIMESTAMP":"2025-07-05T06:45:12.688Z","BUFFER":"2B5243563A3131312C04030402284B0819B5"}
{"DTUID":"111","SENSORID":4,"FUNCID":3,"NDATA":2,"SENSORTYPE":"PWR-METER-POWER","RCV_BYTES":["0228","4CC0"],"DATAS":[552,19648],"DATAS1":[],"DATAS2":[],"TIMESTAMP":"2025-07-05T06:50:14.341Z","BUFFER":"2B5243563A3131312C04030402284CC01A13"}
{"DTUID":"111","SENSORID":4,"FUNCID":3,"NDATA":2,"SENSORTYPE":"PWR-METER-POWER","RCV_BYTES":["0228","4DBC"],"DATAS":[552,19900],"DATAS1":[],"DATAS2":[],"TIMESTAMP":"2025-07-05T06:53:14.180Z","BUFFER":"2B5243563A3131312C04030402284DBC1A62"}
{"DTUID":"111","SENSORID":4,"FUNCID":3,"NDATA":2,"SENSORTYPE":"PWR-METER-POWER","RCV_BYTES":["0228","4E50"],"DATAS":[552,20048],"DATAS1":[],"DATAS2":[],"TIMESTAMP":"2025-07-05T06:55:13.341Z","BUFFER":"2B5243563A3131312C04030402284E501B1F"}
{"DTUID":"111","SENSORID":4,"FUNCID":3,"NDATA":2,"SENSORTYPE":"PWR-METER-POWER","RCV_BYTES":["0228","4FE0"],"DATAS":[552,20448],"DATAS1":[],"DATAS2":[],"TIMESTAMP":"2025-07-05T07:00:15.499Z","BUFFER":"2B5243563A3131312C04030402284FE01B3B"}
{"DTUID":"111","SENSORID":4,"FUNCID":3,"NDATA":2,"SENSORTYPE":"PWR-METER-POWER","RCV_BYTES":["0228","510C"],"DATAS":[552,20748],"DATAS1":[],"DATAS2":[],"TIMESTAMP":"2025-07-05T07:03:15.740Z","BUFFER":"2B5243563A3131312C0403040228510C1316"}
{"DTUID":"111","SENSORID":4,"FUNCID":3,"NDATA":2,"SENSORTYPE":"PWR-METER-POWER","RCV_BYTES":["0228","5198"],"DATAS":[552,20888],"DATAS1":[],"DATAS2":[],"TIMESTAMP":"2025-07-05T07:05:13.136Z","BUFFER":"2B5243563A3131312C0403040228519812B9"}
{"DTUID":"111","SENSORID":4,"FUNCID":3,"NDATA":2,"SENSORTYPE":"PWR-METER-POWER","RCV_BYTES":["0228","5350"],"DATAS":[552,21328],"DATAS1":[],"DATAS2":[],"TIMESTAMP":"2025-07-05T07:10:15.680Z","BUFFER":"2B5243563A3131312C04030402285350124F"}
{"DTUID":"111","SENSORID":4,"FUNCID":3,"NDATA":2,"SENSORTYPE":"PWR-METER-POWER","RCV_BYTES":["0228","5508"],"DATAS":[552,21768],"DATAS1":[],"DATAS2":[],"TIMESTAMP":"2025-07-05T07:15:12.868Z","BUFFER":"2B5243563A3131312C040304022855081015"}
{"DTUID":"111","SENSORID":4,"FUNCID":3,"NDATA":2,"SENSORTYPE":"PWR-METER-POWER","RCV_BYTES":["0228","56E8"],"DATAS":[552,22248],"DATAS1":[],"DATAS2":[],"TIMESTAMP":"2025-07-05T07:20:15.279Z","BUFFER":"2B5243563A3131312C040304022856E8116D"}
{"DTUID":"111","SENSORID":4,"FUNCID":3,"NDATA":2,"SENSORTYPE":"PWR-METER-POWER","RCV_BYTES":["0228","5878"],"DATAS":[552,22648],"DATAS1":[],"DATAS2":[],"TIMESTAMP":"2025-07-05T07:25:14.968Z","BUFFER":"2B5243563A3131312C040304022858781561"}
{"DTUID":"111","SENSORID":4,"FUNCID":3,"NDATA":2,"SENSORTYPE":"PWR-METER-POWER","RCV_BYTES":["0228","5A30"],"DATAS":[552,23088],"DATAS1":[],"DATAS2":[],"TIMESTAMP":"2025-07-05T07:30:16.200Z","BUFFER":"2B5243563A3131312C04030402285A301437"}
