{"DTUID":"113","SENSORID":6,"FUNCID":3,"NDATA":2,"SENSORTYPE":"PWR-METER-POWER","RCV_BYTES":["01F9","396C"],"DATAS":[505,14700],"DATAS1":[],"DATAS2":[],"TIMESTAMP":"2025-05-11T00:38:55.342Z","BUFFER":"2B5243563A3131332C06030401F9396C4F43"}
{"DTUID":"113","SENSORID":6,"FUNCID":3,"NDATA":2,"SENSORTYPE":"PWR-METER-POWER","RCV_BYTES":["01F9","396C"],"DATAS":[505,14700],"DATAS1":[],"DATAS2":[],"TIMESTAMP":"2025-05-11T01:13:48.962Z","BUFFER":"2B5243563A3131332C06030401F9396C4F43"}
{"DTUID":"113","SENSORID":6,"FUNCID":3,"NDATA":2,"SENSORTYPE":"PWR-METER-POWER","RCV_BYTES":["01F9","396C"],"DATAS":[505,14700],"DATAS1":[],"DATAS2":[],"TIMESTAMP":"2025-05-11T01:23:49.162Z","BUFFER":"2B5243563A3131332C06030401F9396C4F43"}
{"DTUID":"113","SENSORID":6,"FUNCID":3,"NDATA":2,"SENSORTYPE":"PWR-METER-POWER","RCV_BYTES":["01F9","3980"],"DATAS":[505,14720],"DATAS1":[],"DATAS2":[],"TIMESTAMP":"2025-05-11T09:20:45.895Z","BUFFER":"2B5243563A3131332C06030401F939804ECE"}
{"DTUID":"113","SENSORID":6,"FUNCID":3,"NDATA":2,"SENSORTYPE":"PWR-METER-POWER","RCV_BYTES":["01F9","3980"],"DATAS":[505,14720],"DATAS1":[],"DATAS2":[],"TIMESTAMP":"2025-05-11T12:53:28.568Z","BUFFER":"2B5243563A3131332C06030401F939804ECE"}
{"DTUID":"113","SENSORID":6,"FUNCID":3,"NDATA":2,"SENSORTYPE":"PWR-METER-POWER","RCV_BYTES":["01F9","3980"],"DATAS":[505,14720],"DATAS1":[],"DATAS2":[],"TIMESTAMP":"2025-05-11T14:32:42.853Z","BUFFER":"2B5243563A3131332C06030401F939804ECE"}
{"DTUID":"113","SENSORID":6,"FUNCID":3,"NDATA":2,"SENSORTYPE":"PWR-METER-POWER","RCV_BYTES":["01F9","3980"],"DATAS":[505,14720],"DATAS1":[],"DATAS2":[],"TIMESTAMP":"2025-05-11T15:12:19.956Z","BUFFER":"2B5243563A3131332C06030401F939804ECE"}
{"DTUID":"113","SENSORID":6,"FUNCID":3,"NDATA":2,"SENSORTYPE":"PWR-METER-POWER","RCV_BYTES":["01F9","3980"],"DATAS":[505,14720],"DATAS1":[],"DATAS2":[],"TIMESTAMP":"2025-05-11T16:25:28.500Z","BUFFER":"2B5243563A3131332C06030401F939804ECE"}
{"DTUID":"113","SENSORID":6,"FUNCID":3,"NDATA":2,"SENSORTYPE":"PWR-METER-POWER","RCV_BYTES":["01F9","3980"],"DATAS":[505,14720],"DATAS1":[],"DATAS2":[],"TIMESTAMP":"2025-05-11T17:33:37.967Z","BUFFER":"2B5243563A3131332C06030401F939804ECE"}
{"DTUID":"113","SENSORID":6,"FUNCID":3,"NDATA":2,"SENSORTYPE":"PWR-METER-POWER","RCV_BYTES":["01F9","3980"],"DATAS":[505,14720],"DATAS1":[],"DATAS2":[],"TIMESTAMP":"2025-05-11T17:58:48.979Z","BUFFER":"2B5243563A3131332C06030401F939804ECE"}
{"DTUID":"113","SENSORID":6,"FUNCID":3,"NDATA":2,"SENSORTYPE":"PWR-METER-POWER","RCV_BYTES":["01F9","3980"],"DATAS":[505,14720],"DATAS1":[],"DATAS2":[],"TIMESTAMP":"2025-05-11T18:08:49.450Z","BUFFER":"2B5243563A3131332C06030401F939804ECE"}
{"DTUID":"113","SENSORID":6,"FUNCID":3,"NDATA":2,"SENSORTYPE":"PWR-METER-POWER","RCV_BYTES":["01F9","4597"],"DATAS":[505,17815],"DATAS1":[],"DATAS2":[],"TIMESTAMP":"2025-05-12T13:04:37.126Z","BUFFER":"2B5243563A3131332C06030401F945972E00"}
{"DTUID":"113","SENSORID":6,"FUNCID":3,"NDATA":2,"SENSORTYPE":"PWR-METER-POWER","RCV_BYTES":["01F9","46EE"],"DATAS":[505,18158],"DATAS1":[],"DATAS2":[],"TIMESTAMP":"2025-05-12T13:14:38.040Z","BUFFER":"2B5243563A3131332C06030401F946EEEF12"}
{"DTUID":"113","SENSORID":6,"FUNCID":3,"NDATA":2,"SENSORTYPE":"PWR-METER-POWER","RCV_BYTES":["01F9","5511"],"DATAS":[505,21777],"DATAS1":[],"DATAS2":[],"TIMESTAMP":"2025-05-12T15:04:31.305Z","BUFFER":"2B5243563A3131332C06030401F95511A262"}
{"DTUID":"113","SENSORID":6,"FUNCID":3,"NDATA":2,"SENSORTYPE":"PWR-METER-POWER","RCV_BYTES":["01F9","665B"],"DATAS":[505,26203],"DATAS1":[],"DATAS2":[],"TIMESTAMP":"2025-05-12T17:15:57.352Z","BUFFER":"2B5243563A3131332C06030401F9665B3765"}
{"DTUID":"113","SENSORID":6,"FUNCID":3,"NDATA":2,"SENSORTYPE":"PWR-METER-POWER","RCV_BYTES":["01F9","67A9"],"DATAS":[505,26537],"DATAS1":[],"DATAS2":[],"TIMESTAMP":"2025-05-12T17:25:58.392Z","BUFFER":"2B5243563A3131332C06030401F967A9B770"}
{"DTUID":"113","SENSORID":6,"FUNCID":3,"NDATA":2,"SENSORTYPE":"PWR-METER-POWER","RCV_BYTES":["01F9","6B78"],"DATAS":[505,27512],"DATAS1":[],"DATAS2":[],"TIMESTAMP":"2025-05-12T17:55:57.213Z","BUFFER":"2B5243563A3131332C06030401F96B78722C"}
{"DTUID":"113","SENSORID":6,"FUNCID":3,"NDATA":2,"SENSORTYPE":"PWR-METER-POWER","RCV_BYTES":["01F9","F96F"],"DATAS":[505,-1681],"DATAS1":[],"DATAS2":[],"TIMESTAMP":"2025-05-13T11:44:35.672Z","BUFFER":"2B5243563A3131332C06030401F9F96F5F42"}
{"DTUID":"113","SENSORID":6,"FUNCID":3,"NDATA":2,"SENSORTYPE":"PWR-METER-POWER","RCV_BYTES":["01F9","FC3D"],"DATAS":[505,-963],"DATAS1":[],"DATAS2":[],"TIMESTAMP":"2025-05-13T12:04:37.037Z","BUFFER":"2B5243563A3131332C06030401F9FC3DDDEF"}
{"DTUID":"113","SENSORID":6,"FUNCID":3,"NDATA":2,"SENSORTYPE":"PWR-METER-POWER","RCV_BYTES":["01FA","07DE"],"DATAS":[506,2014],"DATAS1":[],"DATAS2":[],"TIMESTAMP":"2025-05-13T13:28:13.381Z","BUFFER":"2B5243563A3131332C06030401FA07DE2F56"}
{"DTUID":"113","SENSORID":6,"FUNCID":3,"NDATA":2,"SENSORTYPE":"PWR-METER-POWER","RCV_BYTES":["01FA","093F"],"DATAS":[506,2367],"DATAS1":[],"DATAS2":[],"TIMESTAMP":"2025-05-13T13:38:13.412Z","BUFFER":"2B5243563A3131332C06030401FA093FEB7E"}
{"DTUID":"113","SENSORID":6,"FUNCID":3,"NDATA":2,"SENSORTYPE":"PWR-METER-POWER","RCV_BYTES":["01FA","1016"],"DATAS":[506,4118],"DATAS1":[],"DATAS2":[],"TIMESTAMP":"2025-05-13T14:28:00.523Z","BUFFER":"2B5243563A3131332C06030401FA10162130"}
{"DTUID":"113","SENSORID":6,"FUNCID":3,"NDATA":2,"SENSORTYPE":"PWR-METER-POWER","RCV_BYTES":["01FA","C572"],"DATAS":[506,-14990],"DATAS1":[],"DATAS2":[],"TIMESTAMP":"2025-05-14T13:00:42.842Z","BUFFER":"2B5243563A3131332C06030401FAC5727E4B"}
{"DTUID":"113","SENSORID":6,"FUNCID":3,"NDATA":2,"SENSORTYPE":"PWR-METER-POWER","RCV_BYTES":["01FA","C6D4"],"DATAS":[506,-14636],"DATAS1":[],"DATAS2":[],"TIMESTAMP":"2025-05-14T13:10:46.504Z","BUFFER":"2B5243563A3131332C06030401FAC6D4FEC1"}
{"DTUID":"113","SENSORID":6,"FUNCID":3,"NDATA":2,"SENSORTYPE":"PWR-METER-POWER","RCV_BYTES":["01FA","CA49"],"DATAS":[506,-13751],"DATAS1":[],"DATAS2":[],"TIMESTAMP":"2025-05-14T13:37:49.657Z","BUFFER":"2B5243563A3131332C06030401FACA493A68"}
{"DTUID":"113","SENSORID":6,"FUNCID":3,"NDATA":2,"SENSORTYPE":"PWR-METER-POWER","RCV_BYTES":["01FA","E5D1"],"DATAS":[506,-6703],"DATAS1":[],"DATAS2":[],"TIMESTAMP":"2025-05-14T17:04:53.594Z","BUFFER":"2B5243563A3131332C06030401FAE5D127F2"}
{"DTUID":"113","SENSORID":6,"FUNCID":3,"NDATA":2,"SENSORTYPE":"PWR-METER-POWER","RCV_BYTES":["01FA","E722"],"DATAS":[506,-6366],"DATAS1":[],"DATAS2":[],"TIMESTAMP":"2025-05-14T17:14:54.467Z","BUFFER":"2B5243563A3131332C06030401FAE72266D7"}
{"DTUID":"113","SENSORID":6,"FUNCID":3,"NDATA":2,"SENSORTYPE":"PWR-METER-POWER","RCV_BYTES":["01FA","ECFC"],"DATAS":[506,-4868],"DATAS1":[],"DATAS2":[],"TIMESTAMP":"2025-05-14T17:59:33.846Z","BUFFER":"2B5243563A3131332C06030401FAECFCE1BF"}
{"DTUID":"113","SENSORID":6,"FUNCID":3,"NDATA":2,"SENSORTYPE":"PWR-METER-POWER","RCV_BYTES":["01FA","EE3B"],"DATAS":[506,-4549],"DATAS1":[],"DATAS2":[],"TIMESTAMP":"2025-05-14T18:09:32.378Z","BUFFER":"2B5243563A3131332C06030401FAEE3BA14D"}
{"DTUID":"113","SENSORID":6,"FUNCID":3,"NDATA":2,"SENSORTYPE":"PWR-METER-POWER","RCV_BYTES":["01FA","EF8C"],"DATAS":[506,-4212],"DATAS1":[],"DATAS2":[],"TIMESTAMP":"2025-05-14T18:19:33.490Z","BUFFER":"2B5243563A3131332C06030401FAEF8CE0AB"}
{"DTUID":"113","SENSORID":6,"FUNCID":3,"NDATA":2,"SENSORTYPE":"PWR-METER-POWER","RCV_BYTES":["01FC","F801"],"DATAS":[508,-2047],"DATAS1":[],"DATAS2":[],"TIMESTAMP":"2025-05-17T11:19:18.590Z","BUFFER":"2B5243563A3131332C06030401FCF801CF3F"}
{"DTUID":"113","SENSORID":6,"FUNCID":3,"NDATA":2,"SENSORTYPE":"PWR-METER-POWER","RCV_BYTES":["01FC","FC62"],"DATAS":[508,-926],"DATAS1":[],"DATAS2":[],"TIMESTAMP":"2025-05-17T11:51:05.727Z","BUFFER":"2B5243563A3131332C06030401FCFC628DD6"}
{"DTUID":"113","SENSORID":6,"FUNCID":3,"NDATA":2,"SENSORTYPE":"PWR-METER-POWER","RCV_BYTES":["01FC","FF31"],"DATAS":[508,-207],"DATAS1":[],"DATAS2":[],"TIMESTAMP":"2025-05-17T12:11:06.247Z","BUFFER":"2B5243563A3131332C06030401FCFF31CD1B"}
{"DTUID":"113","SENSORID":6,"FUNCID":3,"NDATA":2,"SENSORTYPE":"PWR-METER-POWER","RCV_BYTES":["01FD","00A9"],"DATAS":[509,169],"DATAS1":[],"DATAS2":[],"TIMESTAMP":"2025-05-17T12:21:07.968Z","BUFFER":"2B5243563A3131332C06030401FD00A9DC81"}
{"DTUID":"113","SENSORID":6,"FUNCID":3,"NDATA":2,"SENSORTYPE":"PWR-METER-POWER","RCV_BYTES":["01FD","559E"],"DATAS":[509,21918],"DATAS1":[],"DATAS2":[],"TIMESTAMP":"2025-05-19T12:40:35.106Z","BUFFER":"2B5243563A3131332C06030401FD559EA207"}
{"DTUID":"113","SENSORID":6,"FUNCID":3,"NDATA":2,"SENSORTYPE":"PWR-METER-POWER","RCV_BYTES":["01FD","55A4"],"DATAS":[509,21924],"DATAS1":[],"DATAS2":[],"TIMESTAMP":"2025-05-19T13:03:21.370Z","BUFFER":"2B5243563A3131332C06030401FD55A42214"}
{"DTUID":"113","SENSORID":6,"FUNCID":3,"NDATA":2,"SENSORTYPE":"PWR-METER-POWER","RCV_BYTES":["01FD","55A8"],"DATAS":[509,21928],"DATAS1":[],"DATAS2":[],"TIMESTAMP":"2025-05-19T13:23:12.585Z","BUFFER":"2B5243563A3131332C06030401FD55A82211"}
{"DTUID":"113","SENSORID":6,"FUNCID":3,"NDATA":2,"SENSORTYPE":"PWR-METER-POWER","RCV_BYTES":["01FD","55AC"],"DATAS":[509,21932],"DATAS1":[],"DATAS2":[],"TIMESTAMP":"2025-05-19T13:38:56.247Z","BUFFER":"2B5243563A3131332C06030401FD55AC23D2"}
{"DTUID":"113","SENSORID":6,"FUNCID":3,"NDATA":2,"SENSORTYPE":"PWR-METER-POWER","RCV_BYTES":["01FD","55AF"],"DATAS":[509,21935],"DATAS1":[],"DATAS2":[],"TIMESTAMP":"2025-05-19T13:48:55.970Z","BUFFER":"2B5243563A3131332C06030401FD55AF63D3"}
{"DTUID":"113","SENSORID":6,"FUNCID":3,"NDATA":2,"SENSORTYPE":"PWR-METER-POWER","RCV_BYTES":["01FD","55B9"],"DATAS":[509,21945],"DATAS1":[],"DATAS2":[],"TIMESTAMP":"2025-05-19T14:40:09.485Z","BUFFER":"2B5243563A3131332C06030401FD55B9E21D"}
{"DTUID":"113","SENSORID":6,"FUNCID":3,"NDATA":2,"SENSORTYPE":"PWR-METER-POWER","RCV_BYTES":["01FD","55BB"],"DATAS":[509,21947],"DATAS1":[],"DATAS2":[],"TIMESTAMP":"2025-05-19T14:50:09.037Z","BUFFER":"2B5243563A3131332C06030401FD55BB63DC"}
{"DTUID":"113","SENSORID":6,"FUNCID":3,"NDATA":2,"SENSORTYPE":"PWR-METER-POWER","RCV_BYTES":["01FD","55C4"],"DATAS":[509,21956],"DATAS1":[],"DATAS2":[],"TIMESTAMP":"2025-05-19T15:23:24.624Z","BUFFER":"2B5243563A3131332C06030401FD55C4223C"}
{"DTUID":"113","SENSORID":6,"FUNCID":3,"NDATA":2,"SENSORTYPE":"PWR-METER-POWER","RCV_BYTES":["01FD","55C6"],"DATAS":[509,21958],"DATAS1":[],"DATAS2":[],"TIMESTAMP":"2025-05-19T15:33:26.160Z","BUFFER":"2B5243563A3131332C06030401FD55C6A3FD"}
{"DTUID":"113","SENSORID":6,"FUNCID":3,"NDATA":2,"SENSORTYPE":"PWR-METER-POWER","RCV_BYTES":["01FD","56D3"],"DATAS":[509,22227],"DATAS1":[],"DATAS2":[],"TIMESTAMP":"2025-05-20T12:07:08.010Z","BUFFER":"2B5243563A3131332C06030401FD56D362C2"}
{"DTUID":"113","SENSORID":6,"FUNCID":3,"NDATA":2,"SENSORTYPE":"PWR-METER-POWER","RCV_BYTES":["01FD","56DC"],"DATAS":[509,22236],"DATAS1":[],"DATAS2":[],"TIMESTAMP":"2025-05-20T12:42:20.780Z","BUFFER":"2B5243563A3131332C06030401FD56DC22C6"}
{"DTUID":"113","SENSORID":6,"FUNCID":3,"NDATA":2,"SENSORTYPE":"PWR-METER-POWER","RCV_BYTES":["01FD","56E0"],"DATAS":[509,22240],"DATAS1":[],"DATAS2":[],"TIMESTAMP":"2025-05-20T13:01:41.223Z","BUFFER":"2B5243563A3131332C06030401FD56E022D7"}
{"DTUID":"113","SENSORID":6,"FUNCID":3,"NDATA":2,"SENSORTYPE":"PWR-METER-POWER","RCV_BYTES":["01FD","56E3"],"DATAS":[509,22243],"DATAS1":[],"DATAS2":[],"TIMESTAMP":"2025-05-20T13:14:46.352Z","BUFFER":"2B5243563A3131332C06030401FD56E362D6"}
{"DTUID":"113","SENSORID":6,"FUNCID":3,"NDATA":2,"SENSORTYPE":"PWR-METER-POWER","RCV_BYTES":["01FD","5701"],"DATAS":[509,22273],"DATAS1":[],"DATAS2":[],"TIMESTAMP":"2025-05-20T15:24:14.877Z","BUFFER":"2B5243563A3131332C06030401FD5701E30F"}
{"DTUID":"113","SENSORID":6,"FUNCID":3,"NDATA":2,"SENSORTYPE":"PWR-METER-POWER","RCV_BYTES":["01FD","5708"],"DATAS":[509,22280],"DATAS1":[],"DATAS2":[],"TIMESTAMP":"2025-05-20T15:53:26.004Z","BUFFER":"2B5243563A3131332C06030401FD57082309"}
{"DTUID":"113","SENSORID":6,"FUNCID":3,"NDATA":2,"SENSORTYPE":"PWR-METER-POWER","RCV_BYTES":["01FD","570B"],"DATAS":[509,22283],"DATAS1":[],"DATAS2":[],"TIMESTAMP":"2025-05-20T16:03:25.488Z","BUFFER":"2B5243563A3131332C06030401FD570B6308"}
{"DTUID":"113","SENSORID":6,"FUNCID":3,"NDATA":2,"SENSORTYPE":"PWR-METER-POWER","RCV_BYTES":["01FD","570D"],"DATAS":[509,22285],"DATAS1":[],"DATAS2":[],"TIMESTAMP":"2025-05-20T16:13:25.721Z","BUFFER":"2B5243563A3131332C06030401FD570DE30A"}
{"DTUID":"113","SENSORID":6,"FUNCID":3,"NDATA":2,"SENSORTYPE":"PWR-METER-POWER","RCV_BYTES":["01FD","5710"],"DATAS":[509,22288],"DATAS1":[],"DATAS2":[],"TIMESTAMP":"2025-05-20T16:23:25.605Z","BUFFER":"2B5243563A3131332C06030401FD57102303"}
{"DTUID":"113","SENSORID":6,"FUNCID":3,"NDATA":2,"SENSORTYPE":"PWR-METER-POWER","RCV_BYTES":["01FD","571D"],"DATAS":[509,22301],"DATAS1":[],"DATAS2":[],"TIMESTAMP":"2025-05-20T17:14:04.336Z","BUFFER":"2B5243563A3131332C06030401FD571DE2C6"}
{"DTUID":"113","SENSORID":6,"FUNCID":3,"NDATA":2,"SENSORTYPE":"PWR-METER-POWER","RCV_BYTES":["01FD","5722"],"DATAS":[509,22306],"DATAS1":[],"DATAS2":[],"TIMESTAMP":"2025-05-20T17:34:04.427Z","BUFFER":"2B5243563A3131332C06030401FD5722A2D6"}
{"DTUID":"113","SENSORID":6,"FUNCID":3,"NDATA":2,"SENSORTYPE":"PWR-METER-POWER","RCV_BYTES":["01FD","5727"],"DATAS":[509,22311],"DATAS1":[],"DATAS2":[],"TIMESTAMP":"2025-05-20T17:54:04.517Z","BUFFER":"2B5243563A3131332C06030401FD572762D5"}
{"DTUID":"113","SENSORID":6,"FUNCID":3,"NDATA":2,"SENSORTYPE":"PWR-METER-POWER","RCV_BYTES":["01FD","572A"],"DATAS":[509,22314],"DATAS1":[],"DATAS2":[],"TIMESTAMP":"2025-05-20T18:04:03.879Z","BUFFER":"2B5243563A3131332C06030401FD572AA310"}
{"DTUID":"113","SENSORID":6,"FUNCID":3,"NDATA":2,"SENSORTYPE":"PWR-METER-POWER","RCV_BYTES":["01FD","572C"],"DATAS":[509,22316],"DATAS1":[],"DATAS2":[],"TIMESTAMP":"2025-05-20T18:14:04.440Z","BUFFER":"2B5243563A3131332C06030401FD572C2312"}
{"DTUID":"113","SENSORID":6,"FUNCID":3,"NDATA":2,"SENSORTYPE":"PWR-METER-POWER","RCV_BYTES":["01FD","572F"],"DATAS":[509,22319],"DATAS1":[],"DATAS2":[],"TIMESTAMP":"2025-05-20T18:24:03.859Z","BUFFER":"2B5243563A3131332C06030401FD572F6313"}
{"DTUID":"113","SENSORID":6,"FUNCID":3,"NDATA":2,"SENSORTYPE":"PWR-METER-POWER","RCV_BYTES":["01FD","5731"],"DATAS":[509,22321],"DATAS1":[],"DATAS2":[],"TIMESTAMP":"2025-05-20T18:34:04.540Z","BUFFER":"2B5243563A3131332C06030401FD5731E31B"}
{"DTUID":"113","SENSORID":6,"FUNCID":3,"NDATA":2,"SENSORTYPE":"PWR-METER-POWER","RCV_BYTES":["01FD","57EF"],"DATAS":[509,22511],"DATAS1":[],"DATAS2":[],"TIMESTAMP":"2025-05-21T10:04:08.243Z","BUFFER":"2B5243563A3131332C06030401FD57EF6343"}
{"DTUID":"113","SENSORID":6,"FUNCID":3,"NDATA":2,"SENSORTYPE":"PWR-METER-POWER","RCV_BYTES":["01FD","5810"],"DATAS":[509,22544],"DATAS1":[],"DATAS2":[],"TIMESTAMP":"2025-05-21T12:16:55.088Z","BUFFER":"2B5243563A3131332C06030401FD581026F3"}
{"DTUID":"113","SENSORID":6,"FUNCID":3,"NDATA":2,"SENSORTYPE":"PWR-METER-POWER","RCV_BYTES":["01FD","5812"],"DATAS":[509,22546],"DATAS1":[],"DATAS2":[],"TIMESTAMP":"2025-05-21T12:26:56.811Z","BUFFER":"2B5243563A3131332C06030401FD5812A732"}
{"DTUID":"113","SENSORID":6,"FUNCID":3,"NDATA":2,"SENSORTYPE":"PWR-METER-POWER","RCV_BYTES":["01FD","5815"],"DATAS":[509,22549],"DATAS1":[],"DATAS2":[],"TIMESTAMP":"2025-05-21T12:36:50.633Z","BUFFER":"2B5243563A3131332C06030401FD5815E6F0"}
{"DTUID":"113","SENSORID":6,"FUNCID":3,"NDATA":2,"SENSORTYPE":"PWR-METER-POWER","RCV_BYTES":["01FD","5817"],"DATAS":[509,22551],"DATAS1":[],"DATAS2":[],"TIMESTAMP":"2025-05-21T12:46:52.239Z","BUFFER":"2B5243563A3131332C06030401FD58176731"}
{"DTUID":"113","SENSORID":6,"FUNCID":3,"NDATA":2,"SENSORTYPE":"PWR-METER-POWER","RCV_BYTES":["01FD","581F"],"DATAS":[509,22559],"DATAS1":[],"DATAS2":[],"TIMESTAMP":"2025-05-21T13:16:50.893Z","BUFFER":"2B5243563A3131332C06030401FD581F66F7"}
{"DTUID":"113","SENSORID":6,"FUNCID":3,"NDATA":2,"SENSORTYPE":"PWR-METER-POWER","RCV_BYTES":["01FD","58D2"],"DATAS":[509,22738],"DATAS1":[],"DATAS2":[],"TIMESTAMP":"2025-05-22T04:16:55.308Z","BUFFER":"2B5243563A3131332C06030401FD58D2A762"}
{"DTUID":"113","SENSORID":6,"FUNCID":3,"NDATA":2,"SENSORTYPE":"PWR-METER-POWER","RCV_BYTES":["01FD","6877"],"DATAS":[509,26743],"DATAS1":[],"DATAS2":[],"TIMESTAMP":"2025-05-26T15:56:20.167Z","BUFFER":"2B5243563A3131332C06030401FD68777319"}
{"DTUID":"113","SENSORID":6,"FUNCID":3,"NDATA":2,"SENSORTYPE":"PWR-METER-POWER","RCV_BYTES":["01FD","6B56"],"DATAS":[509,27478],"DATAS1":[],"DATAS2":[],"TIMESTAMP":"2025-05-29T00:55:59.600Z","BUFFER":"2B5243563A3131332C06030401FD6B56B3F1"}
{"DTUID":"113","SENSORID":6,"FUNCID":3,"NDATA":2,"SENSORTYPE":"PWR-METER-POWER","RCV_BYTES":["01FD","6BDC"],"DATAS":[509,27612],"DATAS1":[],"DATAS2":[],"TIMESTAMP":"2025-05-30T09:17:03.856Z","BUFFER":"2B5243563A3131332C06030401FD6BDC3256"}
{"DTUID":"113","SENSORID":6,"FUNCID":3,"NDATA":2,"SENSORTYPE":"PWR-METER-POWER","RCV_BYTES":["01FD","6CE4"],"DATAS":[509,27876],"DATAS1":[],"DATAS2":[],"TIMESTAMP":"2025-05-31T05:26:10.121Z","BUFFER":"2B5243563A3131332C06030401FD6CE431B4"}
{"DTUID":"113","SENSORID":6,"FUNCID":3,"NDATA":2,"SENSORTYPE":"PWR-METER-POWER","RCV_BYTES":["01FD","D376"],"DATAS":[509,-11402],"DATAS1":[],"DATAS2":[],"TIMESTAMP":"2025-06-02T12:06:55.497Z","BUFFER":"2B5243563A3131332C06030401FDD376C029"}
{"DTUID":"113","SENSORID":6,"FUNCID":3,"NDATA":2,"SENSORTYPE":"PWR-METER-POWER","RCV_BYTES":["01FE","23D4"],"DATAS":[510,9172],"DATAS1":[],"DATAS2":[],"TIMESTAMP":"2025-06-03T00:07:57.564Z","BUFFER":"2B5243563A3131332C06030401FE23D4F590"}
{"DTUID":"113","SENSORID":6,"FUNCID":3,"NDATA":2,"SENSORTYPE":"PWR-METER-POWER","RCV_BYTES":["01FE","242F"],"DATAS":[510,9263],"DATAS1":[],"DATAS2":[],"TIMESTAMP":"2025-06-03T07:00:40.803Z","BUFFER":"2B5243563A3131332C06030401FE242FB623"}
{"DTUID":"113","SENSORID":6,"FUNCID":3,"NDATA":2,"SENSORTYPE":"PWR-METER-POWER","RCV_BYTES":["01FE","2484"],"DATAS":[510,9348],"DATAS1":[],"DATAS2":[],"TIMESTAMP":"2025-06-03T13:11:33.251Z","BUFFER":"2B5243563A3131332C06030401FE2484F79C"}
{"DTUID":"113","SENSORID":6,"FUNCID":3,"NDATA":2,"SENSORTYPE":"PWR-METER-POWER","RCV_BYTES":["01FE","2489"],"DATAS":[510,9353],"DATAS1":[],"DATAS2":[],"TIMESTAMP":"2025-06-03T13:41:33.169Z","BUFFER":"2B5243563A3131332C06030401FE24893659"}
{"DTUID":"113","SENSORID":6,"FUNCID":3,"NDATA":2,"SENSORTYPE":"PWR-METER-POWER","RCV_BYTES":["01FE","247C"],"DATAS":[510,9340],"DATAS1":[],"DATAS2":[],"TIMESTAMP":"2025-06-03T13:52:36.372Z","BUFFER":"2B5243563A3131332C06030401FE247CF61E"}
{"DTUID":"113","SENSORID":6,"FUNCID":3,"NDATA":2,"SENSORTYPE":"PWR-METER-POWER","RCV_BYTES":["01FE","247C"],"DATAS":[510,9340],"DATAS1":[],"DATAS2":[],"TIMESTAMP":"2025-06-03T14:21:33.241Z","BUFFER":"2B5243563A3131332C06030401FE247CF61E"}
{"DTUID":"113","SENSORID":6,"FUNCID":3,"NDATA":2,"SENSORTYPE":"PWR-METER-POWER","RCV_BYTES":["01FE","B0A7"],"DATAS":[510,-20313],"DATAS1":[],"DATAS2":[],"TIMESTAMP":"2025-06-05T04:31:33.661Z","BUFFER":"2B5243563A3131332C06030401FEB0A7D885"}
{"DTUID":"113","SENSORID":6,"FUNCID":3,"NDATA":2,"SENSORTYPE":"PWR-METER-POWER","RCV_BYTES":["0200","2ABE"],"DATAS":[512,10942],"DATAS1":[],"DATAS2":[],"TIMESTAMP":"2025-06-07T02:41:35.251Z","BUFFER":"2B5243563A3131332C06030402002ABE125B"}
{"DTUID":"113","SENSORID":6,"FUNCID":3,"NDATA":2,"SENSORTYPE":"PWR-METER-POWER","RCV_BYTES":["0200","2C97"],"DATAS":[512,11415],"DATAS1":[],"DATAS2":[],"TIMESTAMP":"2025-06-07T03:13:32.768Z","BUFFER":"2B5243563A3131332C06030402002C97D025"}
{"DTUID":"113","SENSORID":6,"FUNCID":3,"NDATA":2,"SENSORTYPE":"PWR-METER-POWER","RCV_BYTES":["0200","2D8D"],"DATAS":[512,11661],"DATAS1":[],"DATAS2":[],"TIMESTAMP":"2025-06-07T03:38:23.111Z","BUFFER":"2B5243563A3131332C06030402002D8D507E"}
{"DTUID":"113","SENSORID":6,"FUNCID":3,"NDATA":2,"SENSORTYPE":"PWR-METER-POWER","RCV_BYTES":["0200","2EC8"],"DATAS":[512,11976],"DATAS1":[],"DATAS2":[],"TIMESTAMP":"2025-06-07T04:11:09.947Z","BUFFER":"2B5243563A3131332C06030402002EC8917D"}
{"DTUID":"113","SENSORID":6,"FUNCID":3,"NDATA":2,"SENSORTYPE":"PWR-METER-POWER","RCV_BYTES":["0200","359B"],"DATAS":[512,13723],"DATAS1":[],"DATAS2":[],"TIMESTAMP":"2025-06-07T07:16:33.644Z","BUFFER":"2B5243563A3131332C0603040200359BDBB0"}
{"DTUID":"113","SENSORID":6,"FUNCID":3,"NDATA":2,"SENSORTYPE":"PWR-METER-POWER","RCV_BYTES":["0200","35FC"],"DATAS":[512,13820],"DATAS1":[],"DATAS2":[],"TIMESTAMP":"2025-06-07T07:26:33.764Z","BUFFER":"2B5243563A3131332C060304020035FC9A5A"}
{"DTUID":"113","SENSORID":6,"FUNCID":3,"NDATA":2,"SENSORTYPE":"PWR-METER-POWER","RCV_BYTES":["0200","37BF"],"DATAS":[512,14271],"DATAS1":[],"DATAS2":[],"TIMESTAMP":"2025-06-07T08:14:23.098Z","BUFFER":"2B5243563A3131332C060304020037BFDACB"}
{"DTUID":"113","SENSORID":6,"FUNCID":3,"NDATA":2,"SENSORTYPE":"PWR-METER-POWER","RCV_BYTES":["0200","3875"],"DATAS":[512,14453],"DATAS1":[],"DATAS2":[],"TIMESTAMP":"2025-06-07T08:34:23.009Z","BUFFER":"2B5243563A3131332C060304020038755F6C"}
{"DTUID":"113","SENSORID":6,"FUNCID":3,"NDATA":2,"SENSORTYPE":"PWR-METER-POWER","RCV_BYTES":["0200","38D1"],"DATAS":[512,14545],"DATAS1":[],"DATAS2":[],"TIMESTAMP":"2025-06-07T08:44:23.907Z","BUFFER":"2B5243563A3131332C060304020038D15ED7"}
{"DTUID":"113","SENSORID":6,"FUNCID":3,"NDATA":2,"SENSORTYPE":"PWR-METER-POWER","RCV_BYTES":["0200","3989"],"DATAS":[512,14729],"DATAS1":[],"DATAS2":[],"TIMESTAMP":"2025-06-07T09:04:23.125Z","BUFFER":"2B5243563A3131332C060304020039895EBD"}
{"DTUID":"113","SENSORID":6,"FUNCID":3,"NDATA":2,"SENSORTYPE":"PWR-METER-POWER","RCV_BYTES":["0200","39E4"],"DATAS":[512,14820],"DATAS1":[],"DATAS2":[],"TIMESTAMP":"2025-06-07T09:14:23.186Z","BUFFER":"2B5243563A3131332C060304020039E49F50"}
{"DTUID":"113","SENSORID":6,"FUNCID":3,"NDATA":2,"SENSORTYPE":"PWR-METER-POWER","RCV_BYTES":["0200","44CF"],"DATAS":[512,17615],"DATAS1":[],"DATAS2":[],"TIMESTAMP":"2025-06-07T14:23:13.483Z","BUFFER":"2B5243563A3131332C060304020044CFFE1F"}

{"DTUID":"113","SENSORID":6,"FUNCID":3,"NDATA":2,"SENSORTYPE":"PWR-METER-POWER","RCV_BYTES":["0200","4580"],"DATAS":[512,17792],"DATAS1":[],"DATAS2":[],"TIMESTAMP":"2025-06-07T14:43:05.564Z","BUFFER":"2B5243563A3131332C06030402004580BE7B"}
{"DTUID":"113","SENSORID":6,"FUNCID":3,"NDATA":2,"SENSORTYPE":"PWR-METER-POWER","RCV_BYTES":["0200","4614"],"DATAS":[512,17940],"DATAS1":[],"DATAS2":[],"TIMESTAMP":"2025-06-07T14:59:46.682Z","BUFFER":"2B5243563A3131332C06030402004614BF24"}
{"DTUID":"113","SENSORID":6,"FUNCID":3,"NDATA":2,"SENSORTYPE":"PWR-METER-POWER","RCV_BYTES":["0200","4C10"],"DATAS":[512,19472],"DATAS1":[],"DATAS2":[],"TIMESTAMP":"2025-06-07T17:52:03.840Z","BUFFER":"2B5243563A3131332C06030402004C10B847"}
{"DTUID":"113","SENSORID":6,"FUNCID":3,"NDATA":2,"SENSORTYPE":"PWR-METER-POWER","RCV_BYTES":["0200","4D1B"],"DATAS":[512,19739],"DATAS1":[],"DATAS2":[],"TIMESTAMP":"2025-06-07T18:22:03.873Z","BUFFER":"2B5243563A3131332C06030402004D1BF810"}
{"DTUID":"113","SENSORID":6,"FUNCID":3,"NDATA":2,"SENSORTYPE":"PWR-METER-POWER","RCV_BYTES":["0200","4DCD"],"DATAS":[512,19917],"DATAS1":[],"DATAS2":[],"TIMESTAMP":"2025-06-07T18:42:03.976Z","BUFFER":"2B5243563A3131332C06030402004DCD798E"}
{"DTUID":"113","SENSORID":6,"FUNCID":3,"NDATA":2,"SENSORTYPE":"PWR-METER-POWER","RCV_BYTES":["0200","4E26"],"DATAS":[512,20006],"DATAS1":[],"DATAS2":[],"TIMESTAMP":"2025-06-07T18:52:04.083Z","BUFFER":"2B5243563A3131332C06030402004E263931"}
{"DTUID":"113","SENSORID":6,"FUNCID":3,"NDATA":2,"SENSORTYPE":"PWR-METER-POWER","RCV_BYTES":["0201","2884"],"DATAS":[513,10372],"DATAS1":[],"DATAS2":[],"TIMESTAMP":"2025-06-11T16:44:58.585Z","BUFFER":"2B5243563A3131332C06030402012884C2E8"}
{"DTUID":"113","SENSORID":6,"FUNCID":3,"NDATA":2,"SENSORTYPE":"PWR-METER-POWER","RCV_BYTES":["0201","2884"],"DATAS":[513,10372],"DATAS1":[],"DATAS2":[],"TIMESTAMP":"2025-06-11T16:47:20.337Z","BUFFER":"2B5243563A3131332C06030402012884C2E8"}
{"DTUID":"113","SENSORID":6,"FUNCID":3,"NDATA":2,"SENSORTYPE":"PWR-METER-POWER","RCV_BYTES":["0201","2884"],"DATAS":[513,10372],"DATAS1":[],"DATAS2":[],"TIMESTAMP":"2025-06-11T16:50:20.337Z","BUFFER":"2B5243563A3131332C06030402012884C2E8"}
{"DTUID":"113","SENSORID":6,"FUNCID":3,"NDATA":2,"SENSORTYPE":"PWR-METER-POWER","RCV_BYTES":["0201","2884"],"DATAS":[513,10372],"DATAS1":[],"DATAS2":[],"TIMESTAMP":"2025-06-11T16:53:20.245Z","BUFFER":"2B5243563A3131332C06030402012884C2E8"}
{"DTUID":"113","SENSORID":6,"FUNCID":3,"NDATA":2,"SENSORTYPE":"PWR-METER-POWER","RCV_BYTES":["0201","2884"],"DATAS":[513,10372],"DATAS1":[],"DATAS2":[],"TIMESTAMP":"2025-06-11T16:56:20.321Z","BUFFER":"2B5243563A3131332C06030402012884C2E8"}
{"DTUID":"113","SENSORID":6,"FUNCID":3,"NDATA":2,"SENSORTYPE":"PWR-METER-POWER","RCV_BYTES":["0201","2884"],"DATAS":[513,10372],"DATAS1":[],"DATAS2":[],"TIMESTAMP":"2025-06-11T16:59:20.278Z","BUFFER":"2B5243563A3131332C06030402012884C2E8"}
{"DTUID":"113","SENSORID":6,"FUNCID":3,"NDATA":2,"SENSORTYPE":"PWR-METER-POWER","RCV_BYTES":["0201","28E8"],"DATAS":[513,10472],"DATAS1":[],"DATAS2":[],"TIMESTAMP":"2025-06-12T01:02:20.799Z","BUFFER":"2B5243563A3131332C060304020128E8C2C5"}
{"DTUID":"113","SENSORID":6,"FUNCID":3,"NDATA":2,"SENSORTYPE":"PWR-METER-POWER","RCV_BYTES":["0201","28E8"],"DATAS":[513,10472],"DATAS1":[],"DATAS2":[],"TIMESTAMP":"2025-06-12T01:05:21.204Z","BUFFER":"2B5243563A3131332C060304020128E8C2C5"}
{"DTUID":"113","SENSORID":6,"FUNCID":3,"NDATA":2,"SENSORTYPE":"PWR-METER-POWER","RCV_BYTES":["0201","28E8"],"DATAS":[513,10472],"DATAS1":[],"DATAS2":[],"TIMESTAMP":"2025-06-12T01:08:20.710Z","BUFFER":"2B5243563A3131332C060304020128E8C2C5"}
{"DTUID":"113","SENSORID":6,"FUNCID":3,"NDATA":2,"SENSORTYPE":"PWR-METER-POWER","RCV_BYTES":["0201","A098"],"DATAS":[513,-24424],"DATAS1":[],"DATAS2":[],"TIMESTAMP":"2025-06-16T12:43:27.220Z","BUFFER":"2B5243563A3131332C0603040201A098A521"}
{"DTUID":"113","SENSORID":6,"FUNCID":3,"NDATA":2,"SENSORTYPE":"PWR-METER-POWER","RCV_BYTES":["0201","A138"],"DATAS":[513,-24264],"DATAS1":[],"DATAS2":[],"TIMESTAMP":"2025-06-16T12:46:27.099Z","BUFFER":"2B5243563A3131332C0603040201A138A4C9"}
{"DTUID":"113","SENSORID":6,"FUNCID":3,"NDATA":2,"SENSORTYPE":"PWR-METER-POWER","RCV_BYTES":["0201","A1C4"],"DATAS":[513,-24124],"DATAS1":[],"DATAS2":[],"TIMESTAMP":"2025-06-16T12:49:27.160Z","BUFFER":"2B5243563A3131332C0603040201A1C4A488"}
{"DTUID":"113","SENSORID":6,"FUNCID":3,"NDATA":2,"SENSORTYPE":"PWR-METER-POWER","RCV_BYTES":["0201","BB51"],"DATAS":[513,-17583],"DATAS1":[],"DATAS2":[],"TIMESTAMP":"2025-06-16T15:19:28.299Z","BUFFER":"2B5243563A3131332C0603040201BB516F87"}
{"DTUID":"113","SENSORID":6,"FUNCID":3,"NDATA":2,"SENSORTYPE":"PWR-METER-POWER","RCV_BYTES":["0201","BB50"],"DATAS":[513,-17584],"DATAS1":[],"DATAS2":[],"TIMESTAMP":"2025-06-16T15:19:30.118Z","BUFFER":"2B5243563A3131332C0603040201BB50AE47"}
{"DTUID":"113","SENSORID":6,"FUNCID":3,"NDATA":2,"SENSORTYPE":"PWR-METER-POWER","RCV_BYTES":["0201","BBDC"],"DATAS":[513,-17444],"DATAS1":[],"DATAS2":[],"TIMESTAMP":"2025-06-16T15:22:27.418Z","BUFFER":"2B5243563A3131332C0603040201BBDCAFE2"}
{"DTUID":"113","SENSORID":6,"FUNCID":3,"NDATA":2,"SENSORTYPE":"PWR-METER-POWER","RCV_BYTES":["0201","BC54"],"DATAS":[513,-17324],"DATAS1":[],"DATAS2":[],"TIMESTAMP":"2025-06-16T15:25:27.320Z","BUFFER":"2B5243563A3131332C0603040201BC54ADB4"}
{"DTUID":"113","SENSORID":6,"FUNCID":3,"NDATA":2,"SENSORTYPE":"PWR-METER-POWER","RCV_BYTES":["0201","BE84"],"DATAS":[513,-16764],"DATAS1":[],"DATAS2":[],"TIMESTAMP":"2025-06-16T15:37:28.246Z","BUFFER":"2B5243563A3131332C0603040201BE84AD48"}
{"DTUID":"113","SENSORID":6,"FUNCID":3,"NDATA":2,"SENSORTYPE":"PWR-METER-POWER","RCV_BYTES":["0201","BEAE"],"DATAS":[513,-16722],"DATAS1":[],"DATAS2":[],"TIMESTAMP":"2025-06-16T15:38:09.780Z","BUFFER":"2B5243563A3131332C0603040201BEAE2C97"}
{"DTUID":"113","SENSORID":6,"FUNCID":3,"NDATA":2,"SENSORTYPE":"PWR-METER-POWER","RCV_BYTES":["0201","BF10"],"DATAS":[513,-16624],"DATAS1":[],"DATAS2":[],"TIMESTAMP":"2025-06-16T15:40:27.402Z","BUFFER":"2B5243563A3131332C0603040201BF10AD77"}
{"DTUID":"113","SENSORID":6,"FUNCID":3,"NDATA":2,"SENSORTYPE":"PWR-METER-POWER","RCV_BYTES":["0201","BF9C"],"DATAS":[513,-16484],"DATAS1":[],"DATAS2":[],"TIMESTAMP":"2025-06-16T15:43:27.421Z","BUFFER":"2B5243563A3131332C0603040201BF9CACD2"}
{"DTUID":"113","SENSORID":6,"FUNCID":3,"NDATA":2,"SENSORTYPE":"PWR-METER-POWER","RCV_BYTES":["0201","C0A0"],"DATAS":[513,-16224],"DATAS1":[],"DATAS2":[],"TIMESTAMP":"2025-06-16T15:49:27.837Z","BUFFER":"2B5243563A3131332C0603040201C0A08CF3"}
{"DTUID":"113","SENSORID":6,"FUNCID":3,"NDATA":2,"SENSORTYPE":"PWR-METER-POWER","RCV_BYTES":["0201","C12C"],"DATAS":[513,-16084],"DATAS1":[],"DATAS2":[],"TIMESTAMP":"2025-06-16T15:52:27.561Z","BUFFER":"2B5243563A3131332C0603040201C12C8CC6"}
{"DTUID":"113","SENSORID":6,"FUNCID":3,"NDATA":2,"SENSORTYPE":"PWR-METER-POWER","RCV_BYTES":["0201","C1A4"],"DATAS":[513,-15964],"DATAS1":[],"DATAS2":[],"TIMESTAMP":"2025-06-16T15:55:27.376Z","BUFFER":"2B5243563A3131332C0603040201C1A48CA0"}
{"DTUID":"113","SENSORID":6,"FUNCID":3,"NDATA":2,"SENSORTYPE":"PWR-METER-POWER","RCV_BYTES":["0201","C230"],"DATAS":[513,-15824],"DATAS1":[],"DATAS2":[],"TIMESTAMP":"2025-06-16T15:59:38.603Z","BUFFER":"2B5243563A3131332C0603040201C2308DFF"}
{"DTUID":"113","SENSORID":6,"FUNCID":3,"NDATA":2,"SENSORTYPE":"PWR-METER-POWER","RCV_BYTES":["0201","C2BC"],"DATAS":[513,-15684],"DATAS1":[],"DATAS2":[],"TIMESTAMP":"2025-06-16T16:01:27.990Z","BUFFER":"2B5243563A3131332C0603040201C2BC8C5A"}
{"DTUID":"113","SENSORID":6,"FUNCID":3,"NDATA":2,"SENSORTYPE":"PWR-METER-POWER","RCV_BYTES":["0201","C348"],"DATAS":[513,-15544],"DATAS1":[],"DATAS2":[],"TIMESTAMP":"2025-06-16T16:04:27.423Z","BUFFER":"2B5243563A3131332C0603040201C3488C4D"}
{"DTUID":"113","SENSORID":6,"FUNCID":3,"NDATA":2,"SENSORTYPE":"PWR-METER-POWER","RCV_BYTES":["0201","C3D4"],"DATAS":[513,-15404],"DATAS1":[],"DATAS2":[],"TIMESTAMP":"2025-06-16T16:07:30.482Z","BUFFER":"2B5243563A3131332C0603040201C3D48C24"}
{"DTUID":"113","SENSORID":6,"FUNCID":3,"NDATA":2,"SENSORTYPE":"PWR-METER-POWER","RCV_BYTES":["0201","C3E0"],"DATAS":[513,-15392],"DATAS1":[],"DATAS2":[],"TIMESTAMP":"2025-06-16T16:09:37.947Z","BUFFER":"2B5243563A3131332C0603040201C3E08DF3"}
{"DTUID":"113","SENSORID":6,"FUNCID":3,"NDATA":2,"SENSORTYPE":"PWR-METER-POWER","RCV_BYTES":["0201","C44C"],"DATAS":[513,-15284],"DATAS1":[],"DATAS2":[],"TIMESTAMP":"2025-06-16T16:10:27.411Z","BUFFER":"2B5243563A3131332C0603040201C44C8FBE"}
{"DTUID":"113","SENSORID":6,"FUNCID":3,"NDATA":2,"SENSORTYPE":"PWR-METER-POWER","RCV_BYTES":["0201","C4C4"],"DATAS":[513,-15164],"DATAS1":[],"DATAS2":[],"TIMESTAMP":"2025-06-16T16:13:27.382Z","BUFFER":"2B5243563A3131332C0603040201C4C48FD8"}
{"DTUID":"113","SENSORID":6,"FUNCID":3,"NDATA":2,"SENSORTYPE":"PWR-METER-POWER","RCV_BYTES":["0201","C5C8"],"DATAS":[513,-14904],"DATAS1":[],"DATAS2":[],"TIMESTAMP":"2025-06-16T16:19:28.142Z","BUFFER":"2B5243563A3131332C0603040201C5C88E4D"}
{"DTUID":"113","SENSORID":6,"FUNCID":3,"NDATA":2,"SENSORTYPE":"PWR-METER-POWER","RCV_BYTES":["0201","C640"],"DATAS":[513,-14784],"DATAS1":[],"DATAS2":[],"TIMESTAMP":"2025-06-16T16:22:27.483Z","BUFFER":"2B5243563A3131332C0603040201C6408EDB"}
{"DTUID":"113","SENSORID":6,"FUNCID":3,"NDATA":2,"SENSORTYPE":"PWR-METER-POWER","RCV_BYTES":["0201","C6CC"],"DATAS":[513,-14644],"DATAS1":[],"DATAS2":[],"TIMESTAMP":"2025-06-16T16:25:27.502Z","BUFFER":"2B5243563A3131332C0603040201C6CC8F7E"}
{"DTUID":"113","SENSORID":6,"FUNCID":3,"NDATA":2,"SENSORTYPE":"PWR-METER-POWER","RCV_BYTES":["0201","C744"],"DATAS":[513,-14524],"DATAS1":[],"DATAS2":[],"TIMESTAMP":"2025-06-16T16:28:27.352Z","BUFFER":"2B5243563A3131332C0603040201C7448E88"}
{"DTUID":"113","SENSORID":6,"FUNCID":3,"NDATA":2,"SENSORTYPE":"PWR-METER-POWER","RCV_BYTES":["0201","C7D0"],"DATAS":[513,-14384],"DATAS1":[],"DATAS2":[],"TIMESTAMP":"2025-06-16T16:31:27.341Z","BUFFER":"2B5243563A3131332C0603040201C7D08F27"}
{"DTUID":"113","SENSORID":6,"FUNCID":3,"NDATA":2,"SENSORTYPE":"PWR-METER-POWER","RCV_BYTES":["0201","C848"],"DATAS":[513,-14264],"DATAS1":[],"DATAS2":[],"TIMESTAMP":"2025-06-16T16:34:27.462Z","BUFFER":"2B5243563A3131332C0603040201C8488B7D"}
{"DTUID":"113","SENSORID":6,"FUNCID":3,"NDATA":2,"SENSORTYPE":"PWR-METER-POWER","RCV_BYTES":["0201","C8C0"],"DATAS":[513,-14144],"DATAS1":[],"DATAS2":[],"TIMESTAMP":"2025-06-16T16:37:27.472Z","BUFFER":"2B5243563A3131332C0603040201C8C08B1B"}
{"DTUID":"113","SENSORID":6,"FUNCID":3,"NDATA":2,"SENSORTYPE":"PWR-METER-POWER","RCV_BYTES":["0201","C94C"],"DATAS":[513,-14004],"DATAS1":[],"DATAS2":[],"TIMESTAMP":"2025-06-16T16:40:27.431Z","BUFFER":"2B5243563A3131332C0603040201C94C8B2E"}
{"DTUID":"113","SENSORID":6,"FUNCID":3,"NDATA":2,"SENSORTYPE":"PWR-METER-POWER","RCV_BYTES":["0201","C9C4"],"DATAS":[513,-13884],"DATAS1":[],"DATAS2":[],"TIMESTAMP":"2025-06-16T16:43:27.489Z","BUFFER":"2B5243563A3131332C0603040201C9C48B48"}
{"DTUID":"113","SENSORID":6,"FUNCID":3,"NDATA":2,"SENSORTYPE":"PWR-METER-POWER","RCV_BYTES":["0201","E0BC"],"DATAS":[513,-8004],"DATAS1":[],"DATAS2":[],"TIMESTAMP":"2025-06-16T18:58:27.541Z","BUFFER":"2B5243563A3131332C0603040201E0BC94FA"}
{"DTUID":"113","SENSORID":6,"FUNCID":3,"NDATA":2,"SENSORTYPE":"PWR-METER-POWER","RCV_BYTES":["0201","E134"],"DATAS":[513,-7884],"DATAS1":[],"DATAS2":[],"TIMESTAMP":"2025-06-16T19:01:27.661Z","BUFFER":"2B5243563A3131332C0603040201E134950C"}
{"DTUID":"113","SENSORID":6,"FUNCID":3,"NDATA":2,"SENSORTYPE":"PWR-METER-POWER","RCV_BYTES":["0201","E1C0"],"DATAS":[513,-7744],"DATAS1":[],"DATAS2":[],"TIMESTAMP":"2025-06-16T19:04:28.610Z","BUFFER":"2B5243563A3131332C0603040201E1C0948B"}
{"DTUID":"113","SENSORID":6,"FUNCID":3,"NDATA":2,"SENSORTYPE":"PWR-METER-POWER","RCV_BYTES":["0203","639C"],"DATAS":[515,25500],"DATAS1":[],"DATAS2":[],"TIMESTAMP":"2025-06-18T05:13:29.619Z","BUFFER":"2B5243563A3131332C0603040203639C55D2"}
{"DTUID":"113","SENSORID":6,"FUNCID":3,"NDATA":2,"SENSORTYPE":"PWR-METER-POWER","RCV_BYTES":["0203","6414"],"DATAS":[515,25620],"DATAS1":[],"DATAS2":[],"TIMESTAMP":"2025-06-18T05:16:29.463Z","BUFFER":"2B5243563A3131332C060304020364145784"}
{"DTUID":"113","SENSORID":6,"FUNCID":3,"NDATA":2,"SENSORTYPE":"PWR-METER-POWER","RCV_BYTES":["0203","6504"],"DATAS":[515,25860],"DATAS1":[],"DATAS2":[],"TIMESTAMP":"2025-06-18T05:22:29.567Z","BUFFER":"2B5243563A3131332C0603040203650457D8"}
{"DTUID":"113","SENSORID":6,"FUNCID":3,"NDATA":2,"SENSORTYPE":"PWR-METER-POWER","RCV_BYTES":["0203","6590"],"DATAS":[515,26000],"DATAS1":[],"DATAS2":[],"TIMESTAMP":"2025-06-18T05:25:29.647Z","BUFFER":"2B5243563A3131332C060304020365905677"}
{"DTUID":"113","SENSORID":6,"FUNCID":3,"NDATA":2,"SENSORTYPE":"PWR-METER-POWER","RCV_BYTES":["0203","6608"],"DATAS":[515,26120],"DATAS1":[],"DATAS2":[],"TIMESTAMP":"2025-06-18T05:28:29.550Z","BUFFER":"2B5243563A3131332C06030402036608572D"}
{"DTUID":"113","SENSORID":6,"FUNCID":3,"NDATA":2,"SENSORTYPE":"PWR-METER-POWER","RCV_BYTES":["0203","6680"],"DATAS":[515,26240],"DATAS1":[],"DATAS2":[],"TIMESTAMP":"2025-06-18T05:31:29.577Z","BUFFER":"2B5243563A3131332C06030402036680574B"}
{"DTUID":"113","SENSORID":6,"FUNCID":3,"NDATA":2,"SENSORTYPE":"PWR-METER-POWER","RCV_BYTES":["0203","66F8"],"DATAS":[515,26360],"DATAS1":[],"DATAS2":[],"TIMESTAMP":"2025-06-18T05:34:29.666Z","BUFFER":"2B5243563A3131332C060304020366F85769"}
{"DTUID":"113","SENSORID":6,"FUNCID":3,"NDATA":2,"SENSORTYPE":"PWR-METER-POWER","RCV_BYTES":["0203","6770"],"DATAS":[515,26480],"DATAS1":[],"DATAS2":[],"TIMESTAMP":"2025-06-18T05:37:29.527Z","BUFFER":"2B5243563A3131332C06030402036770569F"}
{"DTUID":"113","SENSORID":6,"FUNCID":3,"NDATA":2,"SENSORTYPE":"PWR-METER-POWER","RCV_BYTES":["0204","2C00"],"DATAS":[516,11264],"DATAS1":[],"DATAS2":[],"TIMESTAMP":"2025-06-19T02:01:30.871Z","BUFFER":"2B5243563A3131332C06030402042C00D04A"}
{"DTUID":"113","SENSORID":6,"FUNCID":3,"NDATA":2,"SENSORTYPE":"PWR-METER-POWER","RCV_BYTES":["0204","2CA0"],"DATAS":[516,11424],"DATAS1":[],"DATAS2":[],"TIMESTAMP":"2025-06-19T02:04:30.721Z","BUFFER":"2B5243563A3131332C06030402042CA0D032"}
{"DTUID":"113","SENSORID":6,"FUNCID":3,"NDATA":2,"SENSORTYPE":"PWR-METER-POWER","RCV_BYTES":["0204","2D54"],"DATAS":[516,11604],"DATAS1":[],"DATAS2":[],"TIMESTAMP":"2025-06-19T02:07:30.778Z","BUFFER":"2B5243563A3131332C06030402042D54D025"}
{"DTUID":"113","SENSORID":6,"FUNCID":3,"NDATA":2,"SENSORTYPE":"PWR-METER-POWER","RCV_BYTES":["0204","2EA8"],"DATAS":[516,11944],"DATAS1":[],"DATAS2":[],"TIMESTAMP":"2025-06-19T02:13:30.781Z","BUFFER":"2B5243563A3131332C06030402042EA8D094"}
{"DTUID":"113","SENSORID":6,"FUNCID":3,"NDATA":2,"SENSORTYPE":"PWR-METER-POWER","RCV_BYTES":["0204","2F48"],"DATAS":[516,12104],"DATAS1":[],"DATAS2":[],"TIMESTAMP":"2025-06-19T02:16:30.862Z","BUFFER":"2B5243563A3131332C06030402042F48D08C"}
{"DTUID":"113","SENSORID":6,"FUNCID":3,"NDATA":2,"SENSORTYPE":"PWR-METER-POWER","RCV_BYTES":["0204","3934"],"DATAS":[516,14644],"DATAS1":[],"DATAS2":[],"TIMESTAMP":"2025-06-19T03:01:30.835Z","BUFFER":"2B5243563A3131332C06030402043934DF0D"}
{"DTUID":"113","SENSORID":6,"FUNCID":3,"NDATA":2,"SENSORTYPE":"PWR-METER-POWER","RCV_BYTES":["0204","39C0"],"DATAS":[516,14784],"DATAS1":[],"DATAS2":[],"TIMESTAMP":"2025-06-19T03:04:30.792Z","BUFFER":"2B5243563A3131332C060304020439C0DE8A"}
{"DTUID":"113","SENSORID":6,"FUNCID":3,"NDATA":2,"SENSORTYPE":"PWR-METER-POWER","RCV_BYTES":["0204","3A60"],"DATAS":[516,14944],"DATAS1":[],"DATAS2":[],"TIMESTAMP":"2025-06-19T03:07:30.831Z","BUFFER":"2B5243563A3131332C06030402043A60DE02"}
{"DTUID":"113","SENSORID":6,"FUNCID":3,"NDATA":2,"SENSORTYPE":"PWR-METER-POWER","RCV_BYTES":["0204","3B8C"],"DATAS":[516,15244],"DATAS1":[],"DATAS2":[],"TIMESTAMP":"2025-06-19T03:13:30.914Z","BUFFER":"2B5243563A3131332C06030402043B8CDE1F"}
{"DTUID":"113","SENSORID":6,"FUNCID":3,"NDATA":2,"SENSORTYPE":"PWR-METER-POWER","RCV_BYTES":["0204","3C04"],"DATAS":[516,15364],"DATAS1":[],"DATAS2":[],"TIMESTAMP":"2025-06-19T03:16:31.411Z","BUFFER":"2B5243563A3131332C06030402043C04DC49"}
{"DTUID":"113","SENSORID":6,"FUNCID":3,"NDATA":2,"SENSORTYPE":"PWR-METER-POWER","RCV_BYTES":["0204","3D1C"],"DATAS":[516,15644],"DATAS1":[],"DATAS2":[],"TIMESTAMP":"2025-06-19T03:22:30.811Z","BUFFER":"2B5243563A3131332C06030402043D1CDDD3"}
{"DTUID":"113","SENSORID":6,"FUNCID":3,"NDATA":2,"SENSORTYPE":"PWR-METER-POWER","RCV_BYTES":["0204","3D94"],"DATAS":[516,15764],"DATAS1":[],"DATAS2":[],"TIMESTAMP":"2025-06-19T03:25:31.193Z","BUFFER":"2B5243563A3131332C06030402043D94DDB5"}
{"DTUID":"113","SENSORID":6,"FUNCID":3,"NDATA":2,"SENSORTYPE":"PWR-METER-POWER","RCV_BYTES":["0204","3E0C"],"DATAS":[516,15884],"DATAS1":[],"DATAS2":[],"TIMESTAMP":"2025-06-19T03:28:30.893Z","BUFFER":"2B5243563A3131332C06030402043E0CDCEF"}
{"DTUID":"113","SENSORID":6,"FUNCID":3,"NDATA":2,"SENSORTYPE":"PWR-METER-POWER","RCV_BYTES":["0204","49D8"],"DATAS":[516,18904],"DATAS1":[],"DATAS2":[],"TIMESTAMP":"2025-06-19T04:52:30.981Z","BUFFER":"2B5243563A3131332C060304020449D8FB40"}
{"DTUID":"113","SENSORID":6,"FUNCID":3,"NDATA":2,"SENSORTYPE":"PWR-METER-POWER","RCV_BYTES":["0204","4A3C"],"DATAS":[516,19004],"DATAS1":[],"DATAS2":[],"TIMESTAMP":"2025-06-19T04:55:31.104Z","BUFFER":"2B5243563A3131332C06030402044A3CFBFB"}
{"DTUID":"113","SENSORID":6,"FUNCID":3,"NDATA":2,"SENSORTYPE":"PWR-METER-POWER","RCV_BYTES":["0204","4AA0"],"DATAS":[516,19104],"DATAS1":[],"DATAS2":[],"TIMESTAMP":"2025-06-19T04:58:30.964Z","BUFFER":"2B5243563A3131332C06030402044AA0FB92"}
{"DTUID":"113","SENSORID":6,"FUNCID":3,"NDATA":2,"SENSORTYPE":"PWR-METER-POWER","RCV_BYTES":["0204","A7D4"],"DATAS":[516,-22572],"DATAS1":[],"DATAS2":[],"TIMESTAMP":"2025-06-19T16:13:31.607Z","BUFFER":"2B5243563A3131332C0603040204A7D4B6E5"}
{"DTUID":"113","SENSORID":6,"FUNCID":3,"NDATA":2,"SENSORTYPE":"PWR-METER-POWER","RCV_BYTES":["0204","A84C"],"DATAS":[516,-22452],"DATAS1":[],"DATAS2":[],"TIMESTAMP":"2025-06-19T16:16:31.645Z","BUFFER":"2B5243563A3131332C0603040204A84CB2BF"}
{"DTUID":"113","SENSORID":6,"FUNCID":3,"NDATA":2,"SENSORTYPE":"PWR-METER-POWER","RCV_BYTES":["0204","A93C"],"DATAS":[516,-22212],"DATAS1":[],"DATAS2":[],"TIMESTAMP":"2025-06-19T16:22:31.577Z","BUFFER":"2B5243563A3131332C0603040204A93CB2CB"}
{"DTUID":"113","SENSORID":6,"FUNCID":3,"NDATA":2,"SENSORTYPE":"PWR-METER-POWER","RCV_BYTES":["0204","A9B4"],"DATAS":[516,-22092],"DATAS1":[],"DATAS2":[],"TIMESTAMP":"2025-06-19T16:25:31.566Z","BUFFER":"2B5243563A3131332C0603040204A9B4B2AD"}
{"DTUID":"113","SENSORID":6,"FUNCID":3,"NDATA":2,"SENSORTYPE":"PWR-METER-POWER","RCV_BYTES":["0204","AA2C"],"DATAS":[516,-21972],"DATAS1":[],"DATAS2":[],"TIMESTAMP":"2025-06-19T16:28:31.617Z","BUFFER":"2B5243563A3131332C0603040204AA2CB3F7"}
{"DTUID":"113","SENSORID":6,"FUNCID":3,"NDATA":2,"SENSORTYPE":"PWR-METER-POWER","RCV_BYTES":["0205","11D8"],"DATAS":[517,4568],"DATAS1":[],"DATAS2":[],"TIMESTAMP":"2025-06-20T04:17:48.822Z","BUFFER":"2B5243563A3131332C060304020511D89140"}
{"DTUID":"113","SENSORID":6,"FUNCID":3,"NDATA":2,"SENSORTYPE":"PWR-METER-POWER","RCV_BYTES":["0205","1250"],"DATAS":[517,4688],"DATAS1":[],"DATAS2":[],"TIMESTAMP":"2025-06-20T04:19:32.269Z","BUFFER":"2B5243563A3131332C0603040205125091D6"}
{"DTUID":"113","SENSORID":6,"FUNCID":3,"NDATA":2,"SENSORTYPE":"PWR-METER-POWER","RCV_BYTES":["0205","12B4"],"DATAS":[517,4788],"DATAS1":[],"DATAS2":[],"TIMESTAMP":"2025-06-20T04:22:32.442Z","BUFFER":"2B5243563A3131332C060304020512B4919D"}
{"DTUID":"113","SENSORID":6,"FUNCID":3,"NDATA":2,"SENSORTYPE":"PWR-METER-POWER","RCV_BYTES":["0205","132C"],"DATAS":[517,4908],"DATAS1":[],"DATAS2":[],"TIMESTAMP":"2025-06-20T04:25:32.309Z","BUFFER":"2B5243563A3131332C0603040205132C91A7"}
{"DTUID":"113","SENSORID":6,"FUNCID":3,"NDATA":2,"SENSORTYPE":"PWR-METER-POWER","RCV_BYTES":["0205","13A4"],"DATAS":[517,5028],"DATAS1":[],"DATAS2":[],"TIMESTAMP":"2025-06-20T04:28:32.303Z","BUFFER":"2B5243563A3131332C060304020513A491C1"}
{"DTUID":"113","SENSORID":6,"FUNCID":3,"NDATA":2,"SENSORTYPE":"PWR-METER-POWER","RCV_BYTES":["0205","1408"],"DATAS":[517,5128],"DATAS1":[],"DATAS2":[],"TIMESTAMP":"2025-06-20T04:31:32.302Z","BUFFER":"2B5243563A3131332C06030402051408938C"}
{"DTUID":"113","SENSORID":6,"FUNCID":3,"NDATA":2,"SENSORTYPE":"PWR-METER-POWER","RCV_BYTES":["0205","14F8"],"DATAS":[517,5368],"DATAS1":[],"DATAS2":[],"TIMESTAMP":"2025-06-20T04:38:47.172Z","BUFFER":"2B5243563A3131332C060304020514F893C8"}
{"DTUID":"113","SENSORID":6,"FUNCID":3,"NDATA":2,"SENSORTYPE":"PWR-METER-POWER","RCV_BYTES":["0205","1570"],"DATAS":[517,5488],"DATAS1":[],"DATAS2":[],"TIMESTAMP":"2025-06-20T04:40:32.321Z","BUFFER":"2B5243563A3131332C06030402051570923E"}
{"DTUID":"113","SENSORID":6,"FUNCID":3,"NDATA":2,"SENSORTYPE":"PWR-METER-POWER","RCV_BYTES":["0205","15D4"],"DATAS":[517,5588],"DATAS1":[],"DATAS2":[],"TIMESTAMP":"2025-06-20T04:43:32.401Z","BUFFER":"2B5243563A3131332C060304020515D49385"}
{"DTUID":"113","SENSORID":6,"FUNCID":3,"NDATA":2,"SENSORTYPE":"PWR-METER-POWER","RCV_BYTES":["0205","16C4"],"DATAS":[517,5828],"DATAS1":[],"DATAS2":[],"TIMESTAMP":"2025-06-20T04:49:32.422Z","BUFFER":"2B5243563A3131332C060304020516C492B9"}
{"DTUID":"113","SENSORID":6,"FUNCID":3,"NDATA":2,"SENSORTYPE":"PWR-METER-POWER","RCV_BYTES":["0205","1728"],"DATAS":[517,5928],"DATAS1":[],"DATAS2":[],"TIMESTAMP":"2025-06-20T04:52:32.409Z","BUFFER":"2B5243563A3131332C0603040205172892A4"}
{"DTUID":"113","SENSORID":6,"FUNCID":3,"NDATA":2,"SENSORTYPE":"PWR-METER-POWER","RCV_BYTES":["0205","17AA"],"DATAS":[517,6058],"DATAS1":[],"DATAS2":[],"TIMESTAMP":"2025-06-20T04:55:35.195Z","BUFFER":"2B5243563A3131332C060304020517AA12C5"}
{"DTUID":"113","SENSORID":6,"FUNCID":3,"NDATA":2,"SENSORTYPE":"PWR-METER-POWER","RCV_BYTES":["0205","17A0"],"DATAS":[517,6048],"DATAS1":[],"DATAS2":[],"TIMESTAMP":"2025-06-20T04:55:36.997Z","BUFFER":"2B5243563A3131332C060304020517A092C2"}
{"DTUID":"113","SENSORID":6,"FUNCID":3,"NDATA":2,"SENSORTYPE":"PWR-METER-POWER","RCV_BYTES":["0205","1804"],"DATAS":[517,6148],"DATAS1":[],"DATAS2":[],"TIMESTAMP":"2025-06-20T04:58:32.822Z","BUFFER":"2B5243563A3131332C060304020518049689"}
{"DTUID":"113","SENSORID":6,"FUNCID":3,"NDATA":2,"SENSORTYPE":"PWR-METER-POWER","RCV_BYTES":["0205","187C"],"DATAS":[517,6268],"DATAS1":[],"DATAS2":[],"TIMESTAMP":"2025-06-20T05:01:32.329Z","BUFFER":"2B5243563A3131332C0603040205187C96AB"}
{"DTUID":"113","SENSORID":6,"FUNCID":3,"NDATA":2,"SENSORTYPE":"PWR-METER-POWER","RCV_BYTES":["0205","1958"],"DATAS":[517,6488],"DATAS1":[],"DATAS2":[],"TIMESTAMP":"2025-06-20T05:07:32.482Z","BUFFER":"2B5243563A3131332C060304020519589720"}
{"DTUID":"113","SENSORID":6,"FUNCID":3,"NDATA":2,"SENSORTYPE":"PWR-METER-POWER","RCV_BYTES":["0205","19BC"],"DATAS":[517,6588],"DATAS1":[],"DATAS2":[],"TIMESTAMP":"2025-06-20T05:10:32.438Z","BUFFER":"2B5243563A3131332C060304020519BC976B"}
{"DTUID":"113","SENSORID":6,"FUNCID":3,"NDATA":2,"SENSORTYPE":"PWR-METER-POWER","RCV_BYTES":["0205","1A34"],"DATAS":[517,6708],"DATAS1":[],"DATAS2":[],"TIMESTAMP":"2025-06-20T05:13:32.342Z","BUFFER":"2B5243563A3131332C06030402051A3497FD"}
{"DTUID":"113","SENSORID":6,"FUNCID":3,"NDATA":2,"SENSORTYPE":"PWR-METER-POWER","RCV_BYTES":["0205","1A98"],"DATAS":[517,6808],"DATAS1":[],"DATAS2":[],"TIMESTAMP":"2025-06-20T05:18:27.223Z","BUFFER":"2B5243563A3131332C06030402051A989780"}
{"DTUID":"113","SENSORID":6,"FUNCID":3,"NDATA":2,"SENSORTYPE":"PWR-METER-POWER","RCV_BYTES":["0205","1B10"],"DATAS":[517,6928],"DATAS1":[],"DATAS2":[],"TIMESTAMP":"2025-06-20T05:19:32.443Z","BUFFER":"2B5243563A3131332C06030402051B109676"}
{"DTUID":"113","SENSORID":6,"FUNCID":3,"NDATA":2,"SENSORTYPE":"PWR-METER-POWER","RCV_BYTES":["0205","1B88"],"DATAS":[517,7048],"DATAS1":[],"DATAS2":[],"TIMESTAMP":"2025-06-20T05:22:32.403Z","BUFFER":"2B5243563A3131332C06030402051B8897DC"}
{"DTUID":"113","SENSORID":6,"FUNCID":3,"NDATA":2,"SENSORTYPE":"PWR-METER-POWER","RCV_BYTES":["0205","1BEC"],"DATAS":[517,7148],"DATAS1":[],"DATAS2":[],"TIMESTAMP":"2025-06-20T05:25:32.402Z","BUFFER":"2B5243563A3131332C06030402051BEC9637"}
{"DTUID":"113","SENSORID":6,"FUNCID":3,"NDATA":2,"SENSORTYPE":"PWR-METER-POWER","RCV_BYTES":["0205","1C64"],"DATAS":[517,7268],"DATAS1":[],"DATAS2":[],"TIMESTAMP":"2025-06-20T05:28:33.582Z","BUFFER":"2B5243563A3131332C06030402051C649461"}
{"DTUID":"113","SENSORID":6,"FUNCID":3,"NDATA":2,"SENSORTYPE":"PWR-METER-POWER","RCV_BYTES":["0205","1CDC"],"DATAS":[517,7388],"DATAS1":[],"DATAS2":[],"TIMESTAMP":"2025-06-20T05:31:32.381Z","BUFFER":"2B5243563A3131332C06030402051CDC9413"}
{"DTUID":"113","SENSORID":6,"FUNCID":3,"NDATA":2,"SENSORTYPE":"PWR-METER-POWER","RCV_BYTES":["0205","1DCC"],"DATAS":[517,7628],"DATAS1":[],"DATAS2":[],"TIMESTAMP":"2025-06-20T05:37:32.330Z","BUFFER":"2B5243563A3131332C06030402051DCC944F"}
{"DTUID":"113","SENSORID":6,"FUNCID":3,"NDATA":2,"SENSORTYPE":"PWR-METER-POWER","RCV_BYTES":["0205","1E30"],"DATAS":[517,7728],"DATAS1":[],"DATAS2":[],"TIMESTAMP":"2025-06-20T05:40:32.363Z","BUFFER":"2B5243563A3131332C06030402051E3094FE"}
{"DTUID":"113","SENSORID":6,"FUNCID":3,"NDATA":2,"SENSORTYPE":"PWR-METER-POWER","RCV_BYTES":["0205","1EA8"],"DATAS":[517,7848],"DATAS1":[],"DATAS2":[],"TIMESTAMP":"2025-06-20T05:43:32.342Z","BUFFER":"2B5243563A3131332C06030402051EA89554"}
{"DTUID":"113","SENSORID":6,"FUNCID":3,"NDATA":2,"SENSORTYPE":"PWR-METER-POWER","RCV_BYTES":["0205","1F20"],"DATAS":[517,7968],"DATAS1":[],"DATAS2":[],"TIMESTAMP":"2025-06-20T05:46:32.382Z","BUFFER":"2B5243563A3131332C06030402051F2094A2"}
{"DTUID":"113","SENSORID":6,"FUNCID":3,"NDATA":2,"SENSORTYPE":"PWR-METER-POWER","RCV_BYTES":["0205","1F98"],"DATAS":[517,8088],"DATAS1":[],"DATAS2":[],"TIMESTAMP":"2025-06-20T05:49:32.451Z","BUFFER":"2B5243563A3131332C06030402051F9894D0"}
{"DTUID":"113","SENSORID":6,"FUNCID":3,"NDATA":2,"SENSORTYPE":"PWR-METER-POWER","RCV_BYTES":["0205","2010"],"DATAS":[517,8208],"DATAS1":[],"DATAS2":[],"TIMESTAMP":"2025-06-20T05:52:32.396Z","BUFFER":"2B5243563A3131332C060304020520108546"}
{"DTUID":"113","SENSORID":6,"FUNCID":3,"NDATA":2,"SENSORTYPE":"PWR-METER-POWER","RCV_BYTES":["0205","2088"],"DATAS":[517,8328],"DATAS1":[],"DATAS2":[],"TIMESTAMP":"2025-06-20T05:55:32.383Z","BUFFER":"2B5243563A3131332C0603040205208884EC"}
{"DTUID":"113","SENSORID":6,"FUNCID":3,"NDATA":2,"SENSORTYPE":"PWR-METER-POWER","RCV_BYTES":["0205","20EC"],"DATAS":[517,8428],"DATAS1":[],"DATAS2":[],"TIMESTAMP":"2025-06-20T05:58:32.483Z","BUFFER":"2B5243563A3131332C060304020520EC8507"}
{"DTUID":"113","SENSORID":6,"FUNCID":3,"NDATA":2,"SENSORTYPE":"PWR-METER-POWER","RCV_BYTES":["0205","2164"],"DATAS":[517,8548],"DATAS1":[],"DATAS2":[],"TIMESTAMP":"2025-06-20T06:01:32.823Z","BUFFER":"2B5243563A3131332C0603040205216484F1"}
{"DTUID":"113","SENSORID":6,"FUNCID":3,"NDATA":2,"SENSORTYPE":"PWR-METER-POWER","RCV_BYTES":["0205","2254"],"DATAS":[517,8788],"DATAS1":[],"DATAS2":[],"TIMESTAMP":"2025-06-20T06:07:32.443Z","BUFFER":"2B5243563A3131332C060304020522548415"}
{"DTUID":"113","SENSORID":6,"FUNCID":3,"NDATA":2,"SENSORTYPE":"PWR-METER-POWER","RCV_BYTES":["0205","22B8"],"DATAS":[517,8888],"DATAS1":[],"DATAS2":[],"TIMESTAMP":"2025-06-20T06:10:32.423Z","BUFFER":"2B5243563A3131332C060304020522B88598"}
{"DTUID":"113","SENSORID":6,"FUNCID":3,"NDATA":2,"SENSORTYPE":"PWR-METER-POWER","RCV_BYTES":["0205","2330"],"DATAS":[517,9008],"DATAS1":[],"DATAS2":[],"TIMESTAMP":"2025-06-20T06:13:32.442Z","BUFFER":"2B5243563A3131332C06030402052330846E"}
{"DTUID":"113","SENSORID":6,"FUNCID":3,"NDATA":2,"SENSORTYPE":"PWR-METER-POWER","RCV_BYTES":["0206","12EF"],"DATAS":[518,4847],"DATAS1":[],"DATAS2":[],"TIMESTAMP":"2025-06-21T09:54:48.071Z","BUFFER":"2B5243563A3131332C060304020612EF2066"}
{"DTUID":"113","SENSORID":6,"FUNCID":3,"NDATA":2,"SENSORTYPE":"PWR-METER-POWER","RCV_BYTES":["0207","7C5C"],"DATAS":[519,31836],"DATAS1":[],"DATAS2":[],"TIMESTAMP":"2025-06-24T11:25:40.721Z","BUFFER":"2B5243563A3131332C06030402077C5C1C73"}
{"DTUID":"113","SENSORID":6,"FUNCID":3,"NDATA":2,"SENSORTYPE":"PWR-METER-POWER","RCV_BYTES":["0207","7C5C"],"DATAS":[519,31836],"DATAS1":[],"DATAS2":[],"TIMESTAMP":"2025-06-24T11:30:37.442Z","BUFFER":"2B5243563A3131332C06030402077C5C1C73"}
{"DTUID":"113","SENSORID":6,"FUNCID":3,"NDATA":2,"SENSORTYPE":"PWR-METER-POWER","RCV_BYTES":["0207","7C70"],"DATAS":[519,31856],"DATAS1":[],"DATAS2":[],"TIMESTAMP":"2025-06-24T11:35:47.482Z","BUFFER":"2B5243563A3131332C06030402077C701DAE"}
{"DTUID":"113","SENSORID":6,"FUNCID":3,"NDATA":2,"SENSORTYPE":"PWR-METER-POWER","RCV_BYTES":["0207","7C70"],"DATAS":[519,31856],"DATAS1":[],"DATAS2":[],"TIMESTAMP":"2025-06-24T11:40:37.401Z","BUFFER":"2B5243563A3131332C06030402077C701DAE"}
{"DTUID":"113","SENSORID":6,"FUNCID":3,"NDATA":2,"SENSORTYPE":"PWR-METER-POWER","RCV_BYTES":["0207","7C70"],"DATAS":[519,31856],"DATAS1":[],"DATAS2":[],"TIMESTAMP":"2025-06-24T11:45:39.084Z","BUFFER":"2B5243563A3131332C06030402077C701DAE"}
{"DTUID":"113","SENSORID":6,"FUNCID":3,"NDATA":2,"SENSORTYPE":"PWR-METER-POWER","RCV_BYTES":["0207","7C70"],"DATAS":[519,31856],"DATAS1":[],"DATAS2":[],"TIMESTAMP":"2025-06-24T11:50:37.503Z","BUFFER":"2B5243563A3131332C06030402077C701DAE"}
{"DTUID":"113","SENSORID":6,"FUNCID":3,"NDATA":2,"SENSORTYPE":"PWR-METER-POWER","RCV_BYTES":["0207","7C70"],"DATAS":[519,31856],"DATAS1":[],"DATAS2":[],"TIMESTAMP":"2025-06-24T11:55:37.402Z","BUFFER":"2B5243563A3131332C06030402077C701DAE"}
{"DTUID":"113","SENSORID":6,"FUNCID":3,"NDATA":2,"SENSORTYPE":"PWR-METER-POWER","RCV_BYTES":["0207","7C70"],"DATAS":[519,31856],"DATAS1":[],"DATAS2":[],"TIMESTAMP":"2025-06-24T12:00:37.563Z","BUFFER":"2B5243563A3131332C06030402077C701DAE"}
{"DTUID":"113","SENSORID":6,"FUNCID":3,"NDATA":2,"SENSORTYPE":"PWR-METER-POWER","RCV_BYTES":["0207","7C70"],"DATAS":[519,31856],"DATAS1":[],"DATAS2":[],"TIMESTAMP":"2025-06-24T12:05:37.236Z","BUFFER":"2B5243563A3131332C06030402077C701DAE"}
{"DTUID":"113","SENSORID":6,"FUNCID":3,"NDATA":2,"SENSORTYPE":"PWR-METER-POWER","RCV_BYTES":["0207","7C70"],"DATAS":[519,31856],"DATAS1":[],"DATAS2":[],"TIMESTAMP":"2025-06-24T12:11:28.915Z","BUFFER":"2B5243563A3131332C06030402077C701DAE"}
{"DTUID":"113","SENSORID":6,"FUNCID":3,"NDATA":2,"SENSORTYPE":"PWR-METER-POWER","RCV_BYTES":["0207","7C70"],"DATAS":[519,31856],"DATAS1":[],"DATAS2":[],"TIMESTAMP":"2025-06-24T12:15:39.017Z","BUFFER":"2B5243563A3131332C06030402077C701DAE"}
{"DTUID":"113","SENSORID":6,"FUNCID":3,"NDATA":2,"SENSORTYPE":"PWR-METER-POWER","RCV_BYTES":["0207","7C70"],"DATAS":[519,31856],"DATAS1":[],"DATAS2":[],"TIMESTAMP":"2025-06-24T12:20:37.576Z","BUFFER":"2B5243563A3131332C06030402077C701DAE"}
{"DTUID":"113","SENSORID":6,"FUNCID":3,"NDATA":2,"SENSORTYPE":"PWR-METER-POWER","RCV_BYTES":["0207","7C70"],"DATAS":[519,31856],"DATAS1":[],"DATAS2":[],"TIMESTAMP":"2025-06-24T12:31:30.732Z","BUFFER":"2B5243563A3131332C06030402077C701DAE"}
{"DTUID":"113","SENSORID":6,"FUNCID":3,"NDATA":2,"SENSORTYPE":"PWR-METER-POWER","RCV_BYTES":["0207","7C70"],"DATAS":[519,31856],"DATAS1":[],"DATAS2":[],"TIMESTAMP":"2025-06-24T12:35:38.791Z","BUFFER":"2B5243563A3131332C06030402077C701DAE"}
{"DTUID":"113","SENSORID":6,"FUNCID":3,"NDATA":2,"SENSORTYPE":"PWR-METER-POWER","RCV_BYTES":["0207","7C70"],"DATAS":[519,31856],"DATAS1":[],"DATAS2":[],"TIMESTAMP":"2025-06-24T12:40:37.572Z","BUFFER":"2B5243563A3131332C06030402077C701DAE"}
{"DTUID":"113","SENSORID":6,"FUNCID":3,"NDATA":2,"SENSORTYPE":"PWR-METER-POWER","RCV_BYTES":["0207","7C70"],"DATAS":[519,31856],"DATAS1":[],"DATAS2":[],"TIMESTAMP":"2025-06-24T12:45:34.531Z","BUFFER":"2B5243563A3131332C06030402077C701DAE"}
{"DTUID":"113","SENSORID":6,"FUNCID":3,"NDATA":2,"SENSORTYPE":"PWR-METER-POWER","RCV_BYTES":["0207","7D24"],"DATAS":[519,32036],"DATAS1":[],"DATAS2":[],"TIMESTAMP":"2025-06-25T00:00:38.488Z","BUFFER":"2B5243563A3131332C06030402077D241DC1"}
{"DTUID":"113","SENSORID":6,"FUNCID":3,"NDATA":2,"SENSORTYPE":"PWR-METER-POWER","RCV_BYTES":["0207","7D24"],"DATAS":[519,32036],"DATAS1":[],"DATAS2":[],"TIMESTAMP":"2025-06-25T00:05:38.556Z","BUFFER":"2B5243563A3131332C06030402077D241DC1"}
{"DTUID":"113","SENSORID":6,"FUNCID":3,"NDATA":2,"SENSORTYPE":"PWR-METER-POWER","RCV_BYTES":["0207","7D24"],"DATAS":[519,32036],"DATAS1":[],"DATAS2":[],"TIMESTAMP":"2025-06-25T00:10:38.084Z","BUFFER":"2B5243563A3131332C06030402077D241DC1"}
{"DTUID":"113","SENSORID":6,"FUNCID":3,"NDATA":2,"SENSORTYPE":"PWR-METER-POWER","RCV_BYTES":["0207","7D24"],"DATAS":[519,32036],"DATAS1":[],"DATAS2":[],"TIMESTAMP":"2025-06-25T00:15:38.485Z","BUFFER":"2B5243563A3131332C06030402077D241DC1"}
{"DTUID":"113","SENSORID":6,"FUNCID":3,"NDATA":2,"SENSORTYPE":"PWR-METER-POWER","RCV_BYTES":["0207","7D24"],"DATAS":[519,32036],"DATAS1":[],"DATAS2":[],"TIMESTAMP":"2025-06-25T00:20:38.021Z","BUFFER":"2B5243563A3131332C06030402077D241DC1"}
{"DTUID":"113","SENSORID":6,"FUNCID":3,"NDATA":2,"SENSORTYPE":"PWR-METER-POWER","RCV_BYTES":["0207","7D24"],"DATAS":[519,32036],"DATAS1":[],"DATAS2":[],"TIMESTAMP":"2025-06-25T00:25:38.168Z","BUFFER":"2B5243563A3131332C06030402077D241DC1"}
{"DTUID":"113","SENSORID":6,"FUNCID":3,"NDATA":2,"SENSORTYPE":"PWR-METER-POWER","RCV_BYTES":["0207","7D74"],"DATAS":[519,32116],"DATAS1":[],"DATAS2":[],"TIMESTAMP":"2025-06-25T05:50:39.874Z","BUFFER":"2B5243563A3131332C06030402077D741DFD"}
{"DTUID":"113","SENSORID":6,"FUNCID":3,"NDATA":2,"SENSORTYPE":"PWR-METER-POWER","RCV_BYTES":["0207","7D74"],"DATAS":[519,32116],"DATAS1":[],"DATAS2":[],"TIMESTAMP":"2025-06-25T05:55:37.586Z","BUFFER":"2B5243563A3131332C06030402077D741DFD"}
{"DTUID":"113","SENSORID":6,"FUNCID":3,"NDATA":2,"SENSORTYPE":"PWR-METER-POWER","RCV_BYTES":["0207","7D74"],"DATAS":[519,32116],"DATAS1":[],"DATAS2":[],"TIMESTAMP":"2025-06-25T06:00:41.686Z","BUFFER":"2B5243563A3131332C06030402077D741DFD"}
{"DTUID":"113","SENSORID":6,"FUNCID":3,"NDATA":2,"SENSORTYPE":"PWR-METER-POWER","RCV_BYTES":["0207","7D74"],"DATAS":[519,32116],"DATAS1":[],"DATAS2":[],"TIMESTAMP":"2025-06-25T06:05:37.167Z","BUFFER":"2B5243563A3131332C06030402077D741DFD"}
{"DTUID":"113","SENSORID":6,"FUNCID":3,"NDATA":2,"SENSORTYPE":"PWR-METER-POWER","RCV_BYTES":["0207","7DB0"],"DATAS":[519,32176],"DATAS1":[],"DATAS2":[],"TIMESTAMP":"2025-06-25T10:19:23.557Z","BUFFER":"2B5243563A3131332C06030402077DB01C6E"}
{"DTUID":"113","SENSORID":6,"FUNCID":3,"NDATA":2,"SENSORTYPE":"PWR-METER-POWER","RCV_BYTES":["0207","7DB0"],"DATAS":[519,32176],"DATAS1":[],"DATAS2":[],"TIMESTAMP":"2025-06-25T10:29:24.025Z","BUFFER":"2B5243563A3131332C06030402077DB01C6E"}
{"DTUID":"113","SENSORID":6,"FUNCID":3,"NDATA":2,"SENSORTYPE":"PWR-METER-POWER","RCV_BYTES":["0207","7DC4"],"DATAS":[519,32196],"DATAS1":[],"DATAS2":[],"TIMESTAMP":"2025-06-25T11:09:23.756Z","BUFFER":"2B5243563A3131332C06030402077DC41C49"}
{"DTUID":"113","SENSORID":6,"FUNCID":3,"NDATA":2,"SENSORTYPE":"PWR-METER-POWER","RCV_BYTES":["0207","7DC4"],"DATAS":[519,32196],"DATAS1":[],"DATAS2":[],"TIMESTAMP":"2025-06-25T11:14:24.414Z","BUFFER":"2B5243563A3131332C06030402077DC41C49"}
{"DTUID":"113","SENSORID":6,"FUNCID":3,"NDATA":2,"SENSORTYPE":"PWR-METER-POWER","RCV_BYTES":["0207","7DC4"],"DATAS":[519,32196],"DATAS1":[],"DATAS2":[],"TIMESTAMP":"2025-06-25T11:19:24.836Z","BUFFER":"2B5243563A3131332C06030402077DC41C49"}
{"DTUID":"113","SENSORID":6,"FUNCID":3,"NDATA":2,"SENSORTYPE":"PWR-METER-POWER","RCV_BYTES":["0207","7DEC"],"DATAS":[519,32236],"DATAS1":[],"DATAS2":[],"TIMESTAMP":"2025-06-25T13:14:34.017Z","BUFFER":"2B5243563A3131332C06030402077DEC1C57"}
{"DTUID":"113","SENSORID":6,"FUNCID":3,"NDATA":2,"SENSORTYPE":"PWR-METER-POWER","RCV_BYTES":["0207","7DEC"],"DATAS":[519,32236],"DATAS1":[],"DATAS2":[],"TIMESTAMP":"2025-06-25T13:19:26.163Z","BUFFER":"2B5243563A3131332C06030402077DEC1C57"}
{"DTUID":"113","SENSORID":6,"FUNCID":3,"NDATA":2,"SENSORTYPE":"PWR-METER-POWER","RCV_BYTES":["0207","7DEC"],"DATAS":[519,32236],"DATAS1":[],"DATAS2":[],"TIMESTAMP":"2025-06-25T13:29:24.912Z","BUFFER":"2B5243563A3131332C06030402077DEC1C57"}
{"DTUID":"113","SENSORID":6,"FUNCID":3,"NDATA":2,"SENSORTYPE":"PWR-METER-POWER","RCV_BYTES":["0207","7DEC"],"DATAS":[519,32236],"DATAS1":[],"DATAS2":[],"TIMESTAMP":"2025-06-25T13:34:24.893Z","BUFFER":"2B5243563A3131332C06030402077DEC1C57"}
{"DTUID":"113","SENSORID":6,"FUNCID":3,"NDATA":2,"SENSORTYPE":"PWR-METER-POWER","RCV_BYTES":["0207","7DEC"],"DATAS":[519,32236],"DATAS1":[],"DATAS2":[],"TIMESTAMP":"2025-06-25T13:39:26.133Z","BUFFER":"2B5243563A3131332C06030402077DEC1C57"}
{"DTUID":"113","SENSORID":6,"FUNCID":3,"NDATA":2,"SENSORTYPE":"PWR-METER-POWER","RCV_BYTES":["0207","7E00"],"DATAS":[519,32256],"DATAS1":[],"DATAS2":[],"TIMESTAMP":"2025-06-25T15:29:25.151Z","BUFFER":"2B5243563A3131332C06030402077E001D2A"}
{"DTUID":"113","SENSORID":6,"FUNCID":3,"NDATA":2,"SENSORTYPE":"PWR-METER-POWER","RCV_BYTES":["0207","7E00"],"DATAS":[519,32256],"DATAS1":[],"DATAS2":[],"TIMESTAMP":"2025-06-25T15:34:25.072Z","BUFFER":"2B5243563A3131332C06030402077E001D2A"}
{"DTUID":"113","SENSORID":6,"FUNCID":3,"NDATA":2,"SENSORTYPE":"PWR-METER-POWER","RCV_BYTES":["0207","7F68"],"DATAS":[519,32616],"DATAS1":[],"DATAS2":[],"TIMESTAMP":"2025-06-26T15:04:27.787Z","BUFFER":"2B5243563A3131332C06030402077F681D54"}
{"DTUID":"113","SENSORID":6,"FUNCID":3,"NDATA":2,"SENSORTYPE":"PWR-METER-POWER","RCV_BYTES":["0207","7F68"],"DATAS":[519,32616],"DATAS1":[],"DATAS2":[],"TIMESTAMP":"2025-06-26T15:09:25.880Z","BUFFER":"2B5243563A3131332C06030402077F681D54"}
{"DTUID":"113","SENSORID":6,"FUNCID":3,"NDATA":2,"SENSORTYPE":"PWR-METER-POWER","RCV_BYTES":["0207","7F68"],"DATAS":[519,32616],"DATAS1":[],"DATAS2":[],"TIMESTAMP":"2025-06-26T15:14:32.159Z","BUFFER":"2B5243563A3131332C06030402077F681D54"}
{"DTUID":"113","SENSORID":6,"FUNCID":3,"NDATA":2,"SENSORTYPE":"PWR-METER-POWER","RCV_BYTES":["0207","7F68"],"DATAS":[519,32616],"DATAS1":[],"DATAS2":[],"TIMESTAMP":"2025-06-26T15:19:26.420Z","BUFFER":"2B5243563A3131332C06030402077F681D54"}
{"DTUID":"113","SENSORID":6,"FUNCID":3,"NDATA":2,"SENSORTYPE":"PWR-METER-POWER","RCV_BYTES":["0207","7F68"],"DATAS":[519,32616],"DATAS1":[],"DATAS2":[],"TIMESTAMP":"2025-06-26T15:24:26.220Z","BUFFER":"2B5243563A3131332C06030402077F681D54"}
{"DTUID":"113","SENSORID":6,"FUNCID":3,"NDATA":2,"SENSORTYPE":"PWR-METER-POWER","RCV_BYTES":["0207","7F68"],"DATAS":[519,32616],"DATAS1":[],"DATAS2":[],"TIMESTAMP":"2025-06-26T15:29:26.298Z","BUFFER":"2B5243563A3131332C06030402077F681D54"}
{"DTUID":"113","SENSORID":6,"FUNCID":3,"NDATA":2,"SENSORTYPE":"PWR-METER-POWER","RCV_BYTES":["0207","7F68"],"DATAS":[519,32616],"DATAS1":[],"DATAS2":[],"TIMESTAMP":"2025-06-26T15:34:27.599Z","BUFFER":"2B5243563A3131332C06030402077F681D54"}
{"DTUID":"113","SENSORID":6,"FUNCID":3,"NDATA":2,"SENSORTYPE":"PWR-METER-POWER","RCV_BYTES":["0207","7F68"],"DATAS":[519,32616],"DATAS1":[],"DATAS2":[],"TIMESTAMP":"2025-06-26T15:39:26.023Z","BUFFER":"2B5243563A3131332C06030402077F681D54"}
{"DTUID":"113","SENSORID":6,"FUNCID":3,"NDATA":2,"SENSORTYPE":"PWR-METER-POWER","RCV_BYTES":["0207","7F68"],"DATAS":[519,32616],"DATAS1":[],"DATAS2":[],"TIMESTAMP":"2025-06-26T15:44:26.344Z","BUFFER":"2B5243563A3131332C06030402077F681D54"}
{"DTUID":"113","SENSORID":6,"FUNCID":3,"NDATA":2,"SENSORTYPE":"PWR-METER-POWER","RCV_BYTES":["0207","7F68"],"DATAS":[519,32616],"DATAS1":[],"DATAS2":[],"TIMESTAMP":"2025-06-26T15:49:26.342Z","BUFFER":"2B5243563A3131332C06030402077F681D54"}
{"DTUID":"113","SENSORID":6,"FUNCID":3,"NDATA":2,"SENSORTYPE":"PWR-METER-POWER","RCV_BYTES":["0207","7F68"],"DATAS":[519,32616],"DATAS1":[],"DATAS2":[],"TIMESTAMP":"2025-06-26T15:54:25.942Z","BUFFER":"2B5243563A3131332C06030402077F681D54"}
{"DTUID":"113","SENSORID":6,"FUNCID":3,"NDATA":2,"SENSORTYPE":"PWR-METER-POWER","RCV_BYTES":["0207","7F68"],"DATAS":[519,32616],"DATAS1":[],"DATAS2":[],"TIMESTAMP":"2025-06-26T15:59:26.322Z","BUFFER":"2B5243563A3131332C06030402077F681D54"}
{"DTUID":"113","SENSORID":6,"FUNCID":3,"NDATA":2,"SENSORTYPE":"PWR-METER-POWER","RCV_BYTES":["0207","F484"],"DATAS":[519,-2940],"DATAS1":[],"DATAS2":[],"TIMESTAMP":"2025-06-30T12:54:31.303Z","BUFFER":"2B5243563A3131332C0603040207F4847A29"}
{"DTUID":"113","SENSORID":6,"FUNCID":3,"NDATA":2,"SENSORTYPE":"PWR-METER-POWER","RCV_BYTES":["0207","F560"],"DATAS":[519,-2720],"DATAS1":[],"DATAS2":[],"TIMESTAMP":"2025-06-30T12:59:31.322Z","BUFFER":"2B5243563A3131332C0603040207F5607BF2"}
{"DTUID":"113","SENSORID":6,"FUNCID":3,"NDATA":2,"SENSORTYPE":"PWR-METER-POWER","RCV_BYTES":["0207","F63C"],"DATAS":[519,-2500],"DATAS1":[],"DATAS2":[],"TIMESTAMP":"2025-06-30T13:04:31.223Z","BUFFER":"2B5243563A3131332C0603040207F63C7B3B"}
{"DTUID":"113","SENSORID":6,"FUNCID":3,"NDATA":2,"SENSORTYPE":"PWR-METER-POWER","RCV_BYTES":["0207","F718"],"DATAS":[519,-2280],"DATAS1":[],"DATAS2":[],"TIMESTAMP":"2025-06-30T13:09:31.403Z","BUFFER":"2B5243563A3131332C0603040207F7187AB0"}
{"DTUID":"113","SENSORID":6,"FUNCID":3,"NDATA":2,"SENSORTYPE":"PWR-METER-POWER","RCV_BYTES":["0207","F7F4"],"DATAS":[519,-2060],"DATAS1":[],"DATAS2":[],"TIMESTAMP":"2025-06-30T13:14:31.323Z","BUFFER":"2B5243563A3131332C0603040207F7F47B3D"}
{"DTUID":"113","SENSORID":6,"FUNCID":3,"NDATA":2,"SENSORTYPE":"PWR-METER-POWER","RCV_BYTES":["0207","F8BC"],"DATAS":[519,-1860],"DATAS1":[],"DATAS2":[],"TIMESTAMP":"2025-06-30T13:19:31.364Z","BUFFER":"2B5243563A3131332C0603040207F8BC7EFB"}
{"DTUID":"113","SENSORID":6,"FUNCID":3,"NDATA":2,"SENSORTYPE":"PWR-METER-POWER","RCV_BYTES":["0208","94C0"],"DATAS":[520,-27456],"DATAS1":[],"DATAS2":[],"TIMESTAMP":"2025-07-01T22:30:56.271Z","BUFFER":"2B5243563A3131332C060304020894C06219"}
{"DTUID":"113","SENSORID":6,"FUNCID":3,"NDATA":2,"SENSORTYPE":"PWR-METER-POWER","RCV_BYTES":["0208","94C0"],"DATAS":[520,-27456],"DATAS1":[],"DATAS2":[],"TIMESTAMP":"2025-07-01T22:35:01.431Z","BUFFER":"2B5243563A3131332C060304020894C06219"}
{"DTUID":"113","SENSORID":6,"FUNCID":3,"NDATA":2,"SENSORTYPE":"PWR-METER-POWER","RCV_BYTES":["0208","94C0"],"DATAS":[520,-27456],"DATAS1":[],"DATAS2":[],"TIMESTAMP":"2025-07-01T22:40:05.358Z","BUFFER":"2B5243563A3131332C060304020894C06219"}
{"DTUID":"113","SENSORID":6,"FUNCID":3,"NDATA":2,"SENSORTYPE":"PWR-METER-POWER","RCV_BYTES":["0208","94C0"],"DATAS":[520,-27456],"DATAS1":[],"DATAS2":[],"TIMESTAMP":"2025-07-01T22:45:01.389Z","BUFFER":"2B5243563A3131332C060304020894C06219"}
{"DTUID":"113","SENSORID":6,"FUNCID":3,"NDATA":2,"SENSORTYPE":"PWR-METER-POWER","RCV_BYTES":["0208","94C0"],"DATAS":[520,-27456],"DATAS1":[],"DATAS2":[],"TIMESTAMP":"2025-07-01T22:50:00.900Z","BUFFER":"2B5243563A3131332C060304020894C06219"}
{"DTUID":"113","SENSORID":6,"FUNCID":3,"NDATA":2,"SENSORTYPE":"PWR-METER-POWER","RCV_BYTES":["0208","94C0"],"DATAS":[520,-27456],"DATAS1":[],"DATAS2":[],"TIMESTAMP":"2025-07-01T22:55:01.431Z","BUFFER":"2B5243563A3131332C060304020894C06219"}
{"DTUID":"113","SENSORID":6,"FUNCID":3,"NDATA":2,"SENSORTYPE":"PWR-METER-POWER","RCV_BYTES":["0208","94C0"],"DATAS":[520,-27456],"DATAS1":[],"DATAS2":[],"TIMESTAMP":"2025-07-01T22:59:59.479Z","BUFFER":"2B5243563A3131332C060304020894C06219"}
{"DTUID":"113","SENSORID":6,"FUNCID":3,"NDATA":2,"SENSORTYPE":"PWR-METER-POWER","RCV_BYTES":["0208","94C0"],"DATAS":[520,-27456],"DATAS1":[],"DATAS2":[],"TIMESTAMP":"2025-07-01T23:05:01.671Z","BUFFER":"2B5243563A3131332C060304020894C06219"}
{"DTUID":"113","SENSORID":6,"FUNCID":3,"NDATA":2,"SENSORTYPE":"PWR-METER-POWER","RCV_BYTES":["0208","94C0"],"DATAS":[520,-27456],"DATAS1":[],"DATAS2":[],"TIMESTAMP":"2025-07-01T23:10:01.934Z","BUFFER":"2B5243563A3131332C060304020894C06219"}
{"DTUID":"113","SENSORID":6,"FUNCID":3,"NDATA":2,"SENSORTYPE":"PWR-METER-POWER","RCV_BYTES":["0208","94C0"],"DATAS":[520,-27456],"DATAS1":[],"DATAS2":[],"TIMESTAMP":"2025-07-01T23:15:01.498Z","BUFFER":"2B5243563A3131332C060304020894C06219"}
{"DTUID":"113","SENSORID":6,"FUNCID":3,"NDATA":2,"SENSORTYPE":"PWR-METER-POWER","RCV_BYTES":["0208","94C0"],"DATAS":[520,-27456],"DATAS1":[],"DATAS2":[],"TIMESTAMP":"2025-07-01T23:20:02.190Z","BUFFER":"2B5243563A3131332C060304020894C06219"}
{"DTUID":"113","SENSORID":6,"FUNCID":3,"NDATA":2,"SENSORTYPE":"PWR-METER-POWER","RCV_BYTES":["0208","94C0"],"DATAS":[520,-27456],"DATAS1":[],"DATAS2":[],"TIMESTAMP":"2025-07-01T23:25:01.469Z","BUFFER":"2B5243563A3131332C060304020894C06219"}
{"DTUID":"113","SENSORID":6,"FUNCID":3,"NDATA":2,"SENSORTYPE":"PWR-METER-POWER","RCV_BYTES":["0208","94C0"],"DATAS":[520,-27456],"DATAS1":[],"DATAS2":[],"TIMESTAMP":"2025-07-01T23:30:01.511Z","BUFFER":"2B5243563A3131332C060304020894C06219"}
{"DTUID":"113","SENSORID":6,"FUNCID":3,"NDATA":2,"SENSORTYPE":"PWR-METER-POWER","RCV_BYTES":["0208","94C0"],"DATAS":[520,-27456],"DATAS1":[],"DATAS2":[],"TIMESTAMP":"2025-07-01T23:35:01.517Z","BUFFER":"2B5243563A3131332C060304020894C06219"}
{"DTUID":"113","SENSORID":6,"FUNCID":3,"NDATA":2,"SENSORTYPE":"PWR-METER-POWER","RCV_BYTES":["0208","94C0"],"DATAS":[520,-27456],"DATAS1":[],"DATAS2":[],"TIMESTAMP":"2025-07-01T23:40:01.419Z","BUFFER":"2B5243563A3131332C060304020894C06219"}
{"DTUID":"113","SENSORID":6,"FUNCID":3,"NDATA":2,"SENSORTYPE":"PWR-METER-POWER","RCV_BYTES":["0208","94C0"],"DATAS":[520,-27456],"DATAS1":[],"DATAS2":[],"TIMESTAMP":"2025-07-01T23:45:01.032Z","BUFFER":"2B5243563A3131332C060304020894C06219"}
{"DTUID":"113","SENSORID":6,"FUNCID":3,"NDATA":2,"SENSORTYPE":"PWR-METER-POWER","RCV_BYTES":["0208","94C0"],"DATAS":[520,-27456],"DATAS1":[],"DATAS2":[],"TIMESTAMP":"2025-07-01T23:50:01.530Z","BUFFER":"2B5243563A3131332C060304020894C06219"}
{"DTUID":"113","SENSORID":6,"FUNCID":3,"NDATA":2,"SENSORTYPE":"PWR-METER-POWER","RCV_BYTES":["0208","94C0"],"DATAS":[520,-27456],"DATAS1":[],"DATAS2":[],"TIMESTAMP":"2025-07-01T23:55:01.053Z","BUFFER":"2B5243563A3131332C060304020894C06219"}
{"DTUID":"113","SENSORID":6,"FUNCID":3,"NDATA":2,"SENSORTYPE":"PWR-METER-POWER","RCV_BYTES":["0208","94C0"],"DATAS":[520,-27456],"DATAS1":[],"DATAS2":[],"TIMESTAMP":"2025-07-02T00:00:01.549Z","BUFFER":"2B5243563A3131332C060304020894C06219"}
{"DTUID":"113","SENSORID":6,"FUNCID":3,"NDATA":2,"SENSORTYPE":"PWR-METER-POWER","RCV_BYTES":["0208","94C0"],"DATAS":[520,-27456],"DATAS1":[],"DATAS2":[],"TIMESTAMP":"2025-07-02T00:05:01.489Z","BUFFER":"2B5243563A3131332C060304020894C06219"}
{"DTUID":"113","SENSORID":6,"FUNCID":3,"NDATA":2,"SENSORTYPE":"PWR-METER-POWER","RCV_BYTES":["0208","94C0"],"DATAS":[520,-27456],"DATAS1":[],"DATAS2":[],"TIMESTAMP":"2025-07-02T00:10:01.538Z","BUFFER":"2B5243563A3131332C060304020894C06219"}
{"DTUID":"113","SENSORID":6,"FUNCID":3,"NDATA":2,"SENSORTYPE":"PWR-METER-POWER","RCV_BYTES":["0208","94C0"],"DATAS":[520,-27456],"DATAS1":[],"DATAS2":[],"TIMESTAMP":"2025-07-02T00:15:01.490Z","BUFFER":"2B5243563A3131332C060304020894C06219"}
{"DTUID":"113","SENSORID":6,"FUNCID":3,"NDATA":2,"SENSORTYPE":"PWR-METER-POWER","RCV_BYTES":["0208","94C0"],"DATAS":[520,-27456],"DATAS1":[],"DATAS2":[],"TIMESTAMP":"2025-07-02T00:20:01.629Z","BUFFER":"2B5243563A3131332C060304020894C06219"}
{"DTUID":"113","SENSORID":6,"FUNCID":3,"NDATA":2,"SENSORTYPE":"PWR-METER-POWER","RCV_BYTES":["0208","94C0"],"DATAS":[520,-27456],"DATAS1":[],"DATAS2":[],"TIMESTAMP":"2025-07-02T00:25:01.450Z","BUFFER":"2B5243563A3131332C060304020894C06219"}
{"DTUID":"113","SENSORID":6,"FUNCID":3,"NDATA":2,"SENSORTYPE":"PWR-METER-POWER","RCV_BYTES":["0208","9BB4"],"DATAS":[520,-25676],"DATAS1":[],"DATAS2":[],"TIMESTAMP":"2025-07-03T03:40:00.407Z","BUFFER":"2B5243563A3131332C06030402089BB467CE"}
{"DTUID":"113","SENSORID":6,"FUNCID":3,"NDATA":2,"SENSORTYPE":"PWR-METER-POWER","RCV_BYTES":["0208","9BB4"],"DATAS":[520,-25676],"DATAS1":[],"DATAS2":[],"TIMESTAMP":"2025-07-03T03:45:03.134Z","BUFFER":"2B5243563A3131332C06030402089BB467CE"}
{"DTUID":"113","SENSORID":6,"FUNCID":3,"NDATA":2,"SENSORTYPE":"PWR-METER-POWER","RCV_BYTES":["0208","9BB4"],"DATAS":[520,-25676],"DATAS1":[],"DATAS2":[],"TIMESTAMP":"2025-07-03T03:50:00.883Z","BUFFER":"2B5243563A3131332C06030402089BB467CE"}
{"DTUID":"113","SENSORID":6,"FUNCID":3,"NDATA":2,"SENSORTYPE":"PWR-METER-POWER","RCV_BYTES":["0208","9BB4"],"DATAS":[520,-25676],"DATAS1":[],"DATAS2":[],"TIMESTAMP":"2025-07-03T04:05:03.149Z","BUFFER":"2B5243563A3131332C06030402089BB467CE"}
{"DTUID":"113","SENSORID":6,"FUNCID":3,"NDATA":2,"SENSORTYPE":"PWR-METER-POWER","RCV_BYTES":["0208","9BB4"],"DATAS":[520,-25676],"DATAS1":[],"DATAS2":[],"TIMESTAMP":"2025-07-03T04:10:03.095Z","BUFFER":"2B5243563A3131332C06030402089BB467CE"}
{"DTUID":"113","SENSORID":6,"FUNCID":3,"NDATA":2,"SENSORTYPE":"PWR-METER-POWER","RCV_BYTES":["0208","9BB4"],"DATAS":[520,-25676],"DATAS1":[],"DATAS2":[],"TIMESTAMP":"2025-07-03T04:15:03.207Z","BUFFER":"2B5243563A3131332C06030402089BB467CE"}
{"DTUID":"113","SENSORID":6,"FUNCID":3,"NDATA":2,"SENSORTYPE":"PWR-METER-POWER","RCV_BYTES":["0208","9BB4"],"DATAS":[520,-25676],"DATAS1":[],"DATAS2":[],"TIMESTAMP":"2025-07-03T04:20:03.186Z","BUFFER":"2B5243563A3131332C06030402089BB467CE"}
{"DTUID":"113","SENSORID":6,"FUNCID":3,"NDATA":2,"SENSORTYPE":"PWR-METER-POWER","RCV_BYTES":["0208","9BC8"],"DATAS":[520,-25656],"DATAS1":[],"DATAS2":[],"TIMESTAMP":"2025-07-03T04:25:03.259Z","BUFFER":"2B5243563A3131332C06030402089BC8662F"}
{"DTUID":"113","SENSORID":6,"FUNCID":3,"NDATA":2,"SENSORTYPE":"PWR-METER-POWER","RCV_BYTES":["0208","9BC8"],"DATAS":[520,-25656],"DATAS1":[],"DATAS2":[],"TIMESTAMP":"2025-07-03T04:30:03.159Z","BUFFER":"2B5243563A3131332C06030402089BC8662F"}
{"DTUID":"113","SENSORID":6,"FUNCID":3,"NDATA":2,"SENSORTYPE":"PWR-METER-POWER","RCV_BYTES":["0208","9BC8"],"DATAS":[520,-25656],"DATAS1":[],"DATAS2":[],"TIMESTAMP":"2025-07-03T04:35:02.829Z","BUFFER":"2B5243563A3131332C06030402089BC8662F"}
{"DTUID":"113","SENSORID":6,"FUNCID":3,"NDATA":2,"SENSORTYPE":"PWR-METER-POWER","RCV_BYTES":["0208","9BC8"],"DATAS":[520,-25656],"DATAS1":[],"DATAS2":[],"TIMESTAMP":"2025-07-03T04:40:02.700Z","BUFFER":"2B5243563A3131332C06030402089BC8662F"}
{"DTUID":"113","SENSORID":6,"FUNCID":3,"NDATA":2,"SENSORTYPE":"PWR-METER-POWER","RCV_BYTES":["0208","9BC8"],"DATAS":[520,-25656],"DATAS1":[],"DATAS2":[],"TIMESTAMP":"2025-07-03T04:45:04.359Z","BUFFER":"2B5243563A3131332C06030402089BC8662F"}
{"DTUID":"113","SENSORID":6,"FUNCID":3,"NDATA":2,"SENSORTYPE":"PWR-METER-POWER","RCV_BYTES":["0208","9BC8"],"DATAS":[520,-25656],"DATAS1":[],"DATAS2":[],"TIMESTAMP":"2025-07-03T04:50:39.078Z","BUFFER":"2B5243563A3131332C06030402089BC8662F"}
{"DTUID":"113","SENSORID":6,"FUNCID":3,"NDATA":2,"SENSORTYPE":"PWR-METER-POWER","RCV_BYTES":["0208","9BC8"],"DATAS":[520,-25656],"DATAS1":[],"DATAS2":[],"TIMESTAMP":"2025-07-03T04:55:03.219Z","BUFFER":"2B5243563A3131332C06030402089BC8662F"}
{"DTUID":"113","SENSORID":6,"FUNCID":3,"NDATA":2,"SENSORTYPE":"PWR-METER-POWER","RCV_BYTES":["0208","9BC8"],"DATAS":[520,-25656],"DATAS1":[],"DATAS2":[],"TIMESTAMP":"2025-07-03T05:00:02.279Z","BUFFER":"2B5243563A3131332C06030402089BC8662F"}
{"DTUID":"113","SENSORID":6,"FUNCID":3,"NDATA":2,"SENSORTYPE":"PWR-METER-POWER","RCV_BYTES":["0208","9BC8"],"DATAS":[520,-25656],"DATAS1":[],"DATAS2":[],"TIMESTAMP":"2025-07-03T05:05:02.838Z","BUFFER":"2B5243563A3131332C06030402089BC8662F"}
{"DTUID":"113","SENSORID":6,"FUNCID":3,"NDATA":2,"SENSORTYPE":"PWR-METER-POWER","RCV_BYTES":["0208","9BC8"],"DATAS":[520,-25656],"DATAS1":[],"DATAS2":[],"TIMESTAMP":"2025-07-03T05:10:03.179Z","BUFFER":"2B5243563A3131332C06030402089BC8662F"}
{"DTUID":"113","SENSORID":6,"FUNCID":3,"NDATA":2,"SENSORTYPE":"PWR-METER-POWER","RCV_BYTES":["0208","9BC8"],"DATAS":[520,-25656],"DATAS1":[],"DATAS2":[],"TIMESTAMP":"2025-07-03T05:15:03.159Z","BUFFER":"2B5243563A3131332C06030402089BC8662F"}
{"DTUID":"113","SENSORID":6,"FUNCID":3,"NDATA":2,"SENSORTYPE":"PWR-METER-POWER","RCV_BYTES":["0208","9BC8"],"DATAS":[520,-25656],"DATAS1":[],"DATAS2":[],"TIMESTAMP":"2025-07-03T05:20:02.741Z","BUFFER":"2B5243563A3131332C06030402089BC8662F"}
{"DTUID":"113","SENSORID":6,"FUNCID":3,"NDATA":2,"SENSORTYPE":"PWR-METER-POWER","RCV_BYTES":["0208","9BC8"],"DATAS":[520,-25656],"DATAS1":[],"DATAS2":[],"TIMESTAMP":"2025-07-03T05:25:02.460Z","BUFFER":"2B5243563A3131332C06030402089BC8662F"}
{"DTUID":"113","SENSORID":6,"FUNCID":3,"NDATA":2,"SENSORTYPE":"PWR-METER-POWER","RCV_BYTES":["0208","9BC8"],"DATAS":[520,-25656],"DATAS1":[],"DATAS2":[],"TIMESTAMP":"2025-07-03T05:30:02.900Z","BUFFER":"2B5243563A3131332C06030402089BC8662F"}
{"DTUID":"113","SENSORID":6,"FUNCID":3,"NDATA":2,"SENSORTYPE":"PWR-METER-POWER","RCV_BYTES":["0208","9BC8"],"DATAS":[520,-25656],"DATAS1":[],"DATAS2":[],"TIMESTAMP":"2025-07-03T05:35:02.800Z","BUFFER":"2B5243563A3131332C06030402089BC8662F"}
{"DTUID":"113","SENSORID":6,"FUNCID":3,"NDATA":2,"SENSORTYPE":"PWR-METER-POWER","RCV_BYTES":["0208","9C0E"],"DATAS":[520,-25586],"DATAS1":[],"DATAS2":[],"TIMESTAMP":"2025-07-03T09:08:02.027Z","BUFFER":"2B5243563A3131332C06030402089C0EE44D"}
{"DTUID":"113","SENSORID":6,"FUNCID":3,"NDATA":2,"SENSORTYPE":"PWR-METER-POWER","RCV_BYTES":["0208","9C04"],"DATAS":[520,-25596],"DATAS1":[],"DATAS2":[],"TIMESTAMP":"2025-07-03T09:10:02.754Z","BUFFER":"2B5243563A3131332C06030402089C04644A"}
{"DTUID":"113","SENSORID":6,"FUNCID":3,"NDATA":2,"SENSORTYPE":"PWR-METER-POWER","RCV_BYTES":["0208","9C04"],"DATAS":[520,-25596],"DATAS1":[],"DATAS2":[],"TIMESTAMP":"2025-07-03T09:15:02.242Z","BUFFER":"2B5243563A3131332C06030402089C04644A"}
{"DTUID":"113","SENSORID":6,"FUNCID":3,"NDATA":2,"SENSORTYPE":"PWR-METER-POWER","RCV_BYTES":["0208","9C11"],"DATAS":[520,-25583],"DATAS1":[],"DATAS2":[],"TIMESTAMP":"2025-07-03T09:18:01.693Z","BUFFER":"2B5243563A3131332C06030402089C11A585"}
{"DTUID":"113","SENSORID":6,"FUNCID":3,"NDATA":2,"SENSORTYPE":"PWR-METER-POWER","RCV_BYTES":["0208","9C04"],"DATAS":[520,-25596],"DATAS1":[],"DATAS2":[],"TIMESTAMP":"2025-07-03T09:20:01.627Z","BUFFER":"2B5243563A3131332C06030402089C04644A"}
{"DTUID":"113","SENSORID":6,"FUNCID":3,"NDATA":2,"SENSORTYPE":"PWR-METER-POWER","RCV_BYTES":["0208","9C04"],"DATAS":[520,-25596],"DATAS1":[],"DATAS2":[],"TIMESTAMP":"2025-07-03T09:25:02.326Z","BUFFER":"2B5243563A3131332C06030402089C04644A"}
{"DTUID":"113","SENSORID":6,"FUNCID":3,"NDATA":2,"SENSORTYPE":"PWR-METER-POWER","RCV_BYTES":["0208","9C04"],"DATAS":[520,-25596],"DATAS1":[],"DATAS2":[],"TIMESTAMP":"2025-07-03T09:30:02.153Z","BUFFER":"2B5243563A3131332C06030402089C04644A"}
{"DTUID":"113","SENSORID":6,"FUNCID":3,"NDATA":2,"SENSORTYPE":"PWR-METER-POWER","RCV_BYTES":["0208","9C04"],"DATAS":[520,-25596],"DATAS1":[],"DATAS2":[],"TIMESTAMP":"2025-07-03T09:35:02.579Z","BUFFER":"2B5243563A3131332C06030402089C04644A"}
{"DTUID":"113","SENSORID":6,"FUNCID":3,"NDATA":2,"SENSORTYPE":"PWR-METER-POWER","RCV_BYTES":["0208","9C04"],"DATAS":[520,-25596],"DATAS1":[],"DATAS2":[],"TIMESTAMP":"2025-07-03T09:40:03.299Z","BUFFER":"2B5243563A3131332C06030402089C04644A"}
{"DTUID":"113","SENSORID":6,"FUNCID":3,"NDATA":2,"SENSORTYPE":"PWR-METER-POWER","RCV_BYTES":["0208","9C04"],"DATAS":[520,-25596],"DATAS1":[],"DATAS2":[],"TIMESTAMP":"2025-07-03T09:45:02.599Z","BUFFER":"2B5243563A3131332C06030402089C04644A"}
{"DTUID":"113","SENSORID":6,"FUNCID":3,"NDATA":2,"SENSORTYPE":"PWR-METER-POWER","RCV_BYTES":["0208","9C18"],"DATAS":[520,-25576],"DATAS1":[],"DATAS2":[],"TIMESTAMP":"2025-07-03T09:50:00.720Z","BUFFER":"2B5243563A3131332C06030402089C186583"}
{"DTUID":"113","SENSORID":6,"FUNCID":3,"NDATA":2,"SENSORTYPE":"PWR-METER-POWER","RCV_BYTES":["0208","9C18"],"DATAS":[520,-25576],"DATAS1":[],"DATAS2":[],"TIMESTAMP":"2025-07-03T09:55:02.659Z","BUFFER":"2B5243563A3131332C06030402089C186583"}
{"DTUID":"113","SENSORID":6,"FUNCID":3,"NDATA":2,"SENSORTYPE":"PWR-METER-POWER","RCV_BYTES":["0208","9C18"],"DATAS":[520,-25576],"DATAS1":[],"DATAS2":[],"TIMESTAMP":"2025-07-03T10:00:02.227Z","BUFFER":"2B5243563A3131332C06030402089C186583"}
{"DTUID":"113","SENSORID":6,"FUNCID":3,"NDATA":2,"SENSORTYPE":"PWR-METER-POWER","RCV_BYTES":["0208","9C18"],"DATAS":[520,-25576],"DATAS1":[],"DATAS2":[],"TIMESTAMP":"2025-07-03T10:05:02.757Z","BUFFER":"2B5243563A3131332C06030402089C186583"}
{"DTUID":"113","SENSORID":6,"FUNCID":3,"NDATA":2,"SENSORTYPE":"PWR-METER-POWER","RCV_BYTES":["0208","9C18"],"DATAS":[520,-25576],"DATAS1":[],"DATAS2":[],"TIMESTAMP":"2025-07-03T10:10:02.358Z","BUFFER":"2B5243563A3131332C06030402089C186583"}
{"DTUID":"113","SENSORID":6,"FUNCID":3,"NDATA":2,"SENSORTYPE":"PWR-METER-POWER","RCV_BYTES":["0208","9C18"],"DATAS":[520,-25576],"DATAS1":[],"DATAS2":[],"TIMESTAMP":"2025-07-03T10:15:02.681Z","BUFFER":"2B5243563A3131332C06030402089C186583"}
{"DTUID":"113","SENSORID":6,"FUNCID":3,"NDATA":2,"SENSORTYPE":"PWR-METER-POWER","RCV_BYTES":["0208","9C18"],"DATAS":[520,-25576],"DATAS1":[],"DATAS2":[],"TIMESTAMP":"2025-07-03T10:20:02.300Z","BUFFER":"2B5243563A3131332C06030402089C186583"}
{"DTUID":"113","SENSORID":6,"FUNCID":3,"NDATA":2,"SENSORTYPE":"PWR-METER-POWER","RCV_BYTES":["0208","9C18"],"DATAS":[520,-25576],"DATAS1":[],"DATAS2":[],"TIMESTAMP":"2025-07-03T10:25:02.649Z","BUFFER":"2B5243563A3131332C06030402089C186583"}
{"DTUID":"113","SENSORID":6,"FUNCID":3,"NDATA":2,"SENSORTYPE":"PWR-METER-POWER","RCV_BYTES":["0208","9C18"],"DATAS":[520,-25576],"DATAS1":[],"DATAS2":[],"TIMESTAMP":"2025-07-03T10:30:02.601Z","BUFFER":"2B5243563A3131332C06030402089C186583"}
{"DTUID":"113","SENSORID":6,"FUNCID":3,"NDATA":2,"SENSORTYPE":"PWR-METER-POWER","RCV_BYTES":["0208","9C18"],"DATAS":[520,-25576],"DATAS1":[],"DATAS2":[],"TIMESTAMP":"2025-07-03T10:35:02.808Z","BUFFER":"2B5243563A3131332C06030402089C186583"}
{"DTUID":"113","SENSORID":6,"FUNCID":3,"NDATA":2,"SENSORTYPE":"PWR-METER-POWER","RCV_BYTES":["0208","9C18"],"DATAS":[520,-25576],"DATAS1":[],"DATAS2":[],"TIMESTAMP":"2025-07-03T10:40:02.508Z","BUFFER":"2B5243563A3131332C06030402089C186583"}
{"DTUID":"113","SENSORID":6,"FUNCID":3,"NDATA":2,"SENSORTYPE":"PWR-METER-POWER","RCV_BYTES":["0208","9C18"],"DATAS":[520,-25576],"DATAS1":[],"DATAS2":[],"TIMESTAMP":"2025-07-03T10:45:03.620Z","BUFFER":"2B5243563A3131332C06030402089C186583"}
{"DTUID":"113","SENSORID":6,"FUNCID":3,"NDATA":2,"SENSORTYPE":"PWR-METER-POWER","RCV_BYTES":["0208","9C18"],"DATAS":[520,-25576],"DATAS1":[],"DATAS2":[],"TIMESTAMP":"2025-07-03T10:50:05.041Z","BUFFER":"2B5243563A3131332C06030402089C186583"}
{"DTUID":"113","SENSORID":6,"FUNCID":3,"NDATA":2,"SENSORTYPE":"PWR-METER-POWER","RCV_BYTES":["0208","9C18"],"DATAS":[520,-25576],"DATAS1":[],"DATAS2":[],"TIMESTAMP":"2025-07-03T10:55:03.529Z","BUFFER":"2B5243563A3131332C06030402089C186583"}
{"DTUID":"113","SENSORID":6,"FUNCID":3,"NDATA":2,"SENSORTYPE":"PWR-METER-POWER","RCV_BYTES":["0208","9C18"],"DATAS":[520,-25576],"DATAS1":[],"DATAS2":[],"TIMESTAMP":"2025-07-03T11:00:03.478Z","BUFFER":"2B5243563A3131332C06030402089C186583"}
{"DTUID":"113","SENSORID":6,"FUNCID":3,"NDATA":2,"SENSORTYPE":"PWR-METER-POWER","RCV_BYTES":["0208","9C18"],"DATAS":[520,-25576],"DATAS1":[],"DATAS2":[],"TIMESTAMP":"2025-07-03T11:05:03.538Z","BUFFER":"2B5243563A3131332C06030402089C186583"}
{"DTUID":"113","SENSORID":6,"FUNCID":3,"NDATA":2,"SENSORTYPE":"PWR-METER-POWER","RCV_BYTES":["0208","9C2C"],"DATAS":[520,-25556],"DATAS1":[],"DATAS2":[],"TIMESTAMP":"2025-07-03T11:10:03.298Z","BUFFER":"2B5243563A3131332C06030402089C2C6454"}
{"DTUID":"113","SENSORID":6,"FUNCID":3,"NDATA":2,"SENSORTYPE":"PWR-METER-POWER","RCV_BYTES":["0208","9C2C"],"DATAS":[520,-25556],"DATAS1":[],"DATAS2":[],"TIMESTAMP":"2025-07-03T11:15:03.578Z","BUFFER":"2B5243563A3131332C06030402089C2C6454"}
{"DTUID":"113","SENSORID":6,"FUNCID":3,"NDATA":2,"SENSORTYPE":"PWR-METER-POWER","RCV_BYTES":["0208","9C2C"],"DATAS":[520,-25556],"DATAS1":[],"DATAS2":[],"TIMESTAMP":"2025-07-03T11:20:03.918Z","BUFFER":"2B5243563A3131332C06030402089C2C6454"}
{"DTUID":"113","SENSORID":6,"FUNCID":3,"NDATA":2,"SENSORTYPE":"PWR-METER-POWER","RCV_BYTES":["0208","9C2C"],"DATAS":[520,-25556],"DATAS1":[],"DATAS2":[],"TIMESTAMP":"2025-07-03T11:25:03.958Z","BUFFER":"2B5243563A3131332C06030402089C2C6454"}
{"DTUID":"113","SENSORID":6,"FUNCID":3,"NDATA":2,"SENSORTYPE":"PWR-METER-POWER","RCV_BYTES":["0208","9C2C"],"DATAS":[520,-25556],"DATAS1":[],"DATAS2":[],"TIMESTAMP":"2025-07-03T11:30:03.599Z","BUFFER":"2B5243563A3131332C06030402089C2C6454"}
{"DTUID":"113","SENSORID":6,"FUNCID":3,"NDATA":2,"SENSORTYPE":"PWR-METER-POWER","RCV_BYTES":["0208","9C2C"],"DATAS":[520,-25556],"DATAS1":[],"DATAS2":[],"TIMESTAMP":"2025-07-03T11:35:03.979Z","BUFFER":"2B5243563A3131332C06030402089C2C6454"}
{"DTUID":"113","SENSORID":6,"FUNCID":3,"NDATA":2,"SENSORTYPE":"PWR-METER-POWER","RCV_BYTES":["0208","9C68"],"DATAS":[520,-25496],"DATAS1":[],"DATAS2":[],"TIMESTAMP":"2025-07-04T00:57:16.241Z","BUFFER":"2B5243563A3131332C06030402089C686467"}
{"DTUID":"113","SENSORID":6,"FUNCID":3,"NDATA":2,"SENSORTYPE":"PWR-METER-POWER","RCV_BYTES":["0208","9C68"],"DATAS":[520,-25496],"DATAS1":[],"DATAS2":[],"TIMESTAMP":"2025-07-04T01:00:04.682Z","BUFFER":"2B5243563A3131332C06030402089C686467"}
{"DTUID":"113","SENSORID":6,"FUNCID":3,"NDATA":2,"SENSORTYPE":"PWR-METER-POWER","RCV_BYTES":["0208","9C68"],"DATAS":[520,-25496],"DATAS1":[],"DATAS2":[],"TIMESTAMP":"2025-07-04T01:05:05.241Z","BUFFER":"2B5243563A3131332C06030402089C686467"}
{"DTUID":"113","SENSORID":6,"FUNCID":3,"NDATA":2,"SENSORTYPE":"PWR-METER-POWER","RCV_BYTES":["0208","9C68"],"DATAS":[520,-25496],"DATAS1":[],"DATAS2":[],"TIMESTAMP":"2025-07-04T01:10:05.162Z","BUFFER":"2B5243563A3131332C06030402089C686467"}
{"DTUID":"113","SENSORID":6,"FUNCID":3,"NDATA":2,"SENSORTYPE":"PWR-METER-POWER","RCV_BYTES":["0208","9C68"],"DATAS":[520,-25496],"DATAS1":[],"DATAS2":[],"TIMESTAMP":"2025-07-04T01:15:04.501Z","BUFFER":"2B5243563A3131332C06030402089C686467"}
{"DTUID":"113","SENSORID":6,"FUNCID":3,"NDATA":2,"SENSORTYPE":"PWR-METER-POWER","RCV_BYTES":["0208","9C68"],"DATAS":[520,-25496],"DATAS1":[],"DATAS2":[],"TIMESTAMP":"2025-07-04T01:20:04.777Z","BUFFER":"2B5243563A3131332C06030402089C686467"}
{"DTUID":"113","SENSORID":6,"FUNCID":3,"NDATA":2,"SENSORTYPE":"PWR-METER-POWER","RCV_BYTES":["0208","9C7C"],"DATAS":[520,-25476],"DATAS1":[],"DATAS2":[],"TIMESTAMP":"2025-07-04T01:25:04.425Z","BUFFER":"2B5243563A3131332C06030402089C7C6468"}
{"DTUID":"113","SENSORID":6,"FUNCID":3,"NDATA":2,"SENSORTYPE":"PWR-METER-POWER","RCV_BYTES":["0208","9C7C"],"DATAS":[520,-25476],"DATAS1":[],"DATAS2":[],"TIMESTAMP":"2025-07-04T01:26:48.044Z","BUFFER":"2B5243563A3131332C06030402089C7C6468"}
{"DTUID":"113","SENSORID":6,"FUNCID":3,"NDATA":2,"SENSORTYPE":"PWR-METER-POWER","RCV_BYTES":["0208","9C7C"],"DATAS":[520,-25476],"DATAS1":[],"DATAS2":[],"TIMESTAMP":"2025-07-04T01:30:04.113Z","BUFFER":"2B5243563A3131332C06030402089C7C6468"}
{"DTUID":"113","SENSORID":6,"FUNCID":3,"NDATA":2,"SENSORTYPE":"PWR-METER-POWER","RCV_BYTES":["0208","9C7C"],"DATAS":[520,-25476],"DATAS1":[],"DATAS2":[],"TIMESTAMP":"2025-07-04T01:35:03.265Z","BUFFER":"2B5243563A3131332C06030402089C7C6468"}
{"DTUID":"113","SENSORID":6,"FUNCID":3,"NDATA":2,"SENSORTYPE":"PWR-METER-POWER","RCV_BYTES":["0208","9C7F"],"DATAS":[520,-25473],"DATAS1":[],"DATAS2":[],"TIMESTAMP":"2025-07-04T01:36:53.144Z","BUFFER":"2B5243563A3131332C06030402089C7F2469"}
{"DTUID":"113","SENSORID":6,"FUNCID":3,"NDATA":2,"SENSORTYPE":"PWR-METER-POWER","RCV_BYTES":["0208","9C7C"],"DATAS":[520,-25476],"DATAS1":[],"DATAS2":[],"TIMESTAMP":"2025-07-04T01:40:02.344Z","BUFFER":"2B5243563A3131332C06030402089C7C6468"}
{"DTUID":"113","SENSORID":6,"FUNCID":3,"NDATA":2,"SENSORTYPE":"PWR-METER-POWER","RCV_BYTES":["0208","9C7C"],"DATAS":[520,-25476],"DATAS1":[],"DATAS2":[],"TIMESTAMP":"2025-07-04T01:45:03.545Z","BUFFER":"2B5243563A3131332C06030402089C7C6468"}
{"DTUID":"113","SENSORID":6,"FUNCID":3,"NDATA":2,"SENSORTYPE":"PWR-METER-POWER","RCV_BYTES":["0208","9C81"],"DATAS":[520,-25471],"DATAS1":[],"DATAS2":[],"TIMESTAMP":"2025-07-04T01:46:51.625Z","BUFFER":"2B5243563A3131332C06030402089C81A5E9"}
{"DTUID":"113","SENSORID":6,"FUNCID":3,"NDATA":2,"SENSORTYPE":"PWR-METER-POWER","RCV_BYTES":["0208","9C7C"],"DATAS":[520,-25476],"DATAS1":[],"DATAS2":[],"TIMESTAMP":"2025-07-04T01:50:04.403Z","BUFFER":"2B5243563A3131332C06030402089C7C6468"}
{"DTUID":"113","SENSORID":6,"FUNCID":3,"NDATA":2,"SENSORTYPE":"PWR-METER-POWER","RCV_BYTES":["0208","9C7C"],"DATAS":[520,-25476],"DATAS1":[],"DATAS2":[],"TIMESTAMP":"2025-07-04T01:55:04.255Z","BUFFER":"2B5243563A3131332C06030402089C7C6468"}
{"DTUID":"113","SENSORID":6,"FUNCID":3,"NDATA":2,"SENSORTYPE":"PWR-METER-POWER","RCV_BYTES":["0208","9C7C"],"DATAS":[520,-25476],"DATAS1":[],"DATAS2":[],"TIMESTAMP":"2025-07-04T02:00:03.952Z","BUFFER":"2B5243563A3131332C06030402089C7C6468"}
{"DTUID":"113","SENSORID":6,"FUNCID":3,"NDATA":2,"SENSORTYPE":"PWR-METER-POWER","RCV_BYTES":["0208","9C7C"],"DATAS":[520,-25476],"DATAS1":[],"DATAS2":[],"TIMESTAMP":"2025-07-04T02:05:04.725Z","BUFFER":"2B5243563A3131332C06030402089C7C6468"}
{"DTUID":"113","SENSORID":6,"FUNCID":3,"NDATA":2,"SENSORTYPE":"PWR-METER-POWER","RCV_BYTES":["0208","9C7C"],"DATAS":[520,-25476],"DATAS1":[],"DATAS2":[],"TIMESTAMP":"2025-07-04T02:10:04.539Z","BUFFER":"2B5243563A3131332C06030402089C7C6468"}
{"DTUID":"113","SENSORID":6,"FUNCID":3,"NDATA":2,"SENSORTYPE":"PWR-METER-POWER","RCV_BYTES":["0208","9C7C"],"DATAS":[520,-25476],"DATAS1":[],"DATAS2":[],"TIMESTAMP":"2025-07-04T02:15:04.504Z","BUFFER":"2B5243563A3131332C06030402089C7C6468"}
{"DTUID":"113","SENSORID":6,"FUNCID":3,"NDATA":2,"SENSORTYPE":"PWR-METER-POWER","RCV_BYTES":["0208","9C7C"],"DATAS":[520,-25476],"DATAS1":[],"DATAS2":[],"TIMESTAMP":"2025-07-04T02:20:04.593Z","BUFFER":"2B5243563A3131332C06030402089C7C6468"}
{"DTUID":"113","SENSORID":6,"FUNCID":3,"NDATA":2,"SENSORTYPE":"PWR-METER-POWER","RCV_BYTES":["0208","9C7C"],"DATAS":[520,-25476],"DATAS1":[],"DATAS2":[],"TIMESTAMP":"2025-07-04T02:25:04.443Z","BUFFER":"2B5243563A3131332C06030402089C7C6468"}
{"DTUID":"113","SENSORID":6,"FUNCID":3,"NDATA":2,"SENSORTYPE":"PWR-METER-POWER","RCV_BYTES":["0208","9C7C"],"DATAS":[520,-25476],"DATAS1":[],"DATAS2":[],"TIMESTAMP":"2025-07-04T02:30:04.503Z","BUFFER":"2B5243563A3131332C06030402089C7C6468"}
{"DTUID":"113","SENSORID":6,"FUNCID":3,"NDATA":2,"SENSORTYPE":"PWR-METER-POWER","RCV_BYTES":["0208","9C7C"],"DATAS":[520,-25476],"DATAS1":[],"DATAS2":[],"TIMESTAMP":"2025-07-04T02:35:04.430Z","BUFFER":"2B5243563A3131332C06030402089C7C6468"}
{"DTUID":"113","SENSORID":6,"FUNCID":3,"NDATA":2,"SENSORTYPE":"PWR-METER-POWER","RCV_BYTES":["0208","9C7C"],"DATAS":[520,-25476],"DATAS1":[],"DATAS2":[],"TIMESTAMP":"2025-07-04T02:40:04.984Z","BUFFER":"2B5243563A3131332C06030402089C7C6468"}
{"DTUID":"113","SENSORID":6,"FUNCID":3,"NDATA":2,"SENSORTYPE":"PWR-METER-POWER","RCV_BYTES":["0208","9C90"],"DATAS":[520,-25456],"DATAS1":[],"DATAS2":[],"TIMESTAMP":"2025-07-04T02:45:04.624Z","BUFFER":"2B5243563A3131332C06030402089C9065E5"}
{"DTUID":"113","SENSORID":6,"FUNCID":3,"NDATA":2,"SENSORTYPE":"PWR-METER-POWER","RCV_BYTES":["0208","9C90"],"DATAS":[520,-25456],"DATAS1":[],"DATAS2":[],"TIMESTAMP":"2025-07-04T02:50:04.384Z","BUFFER":"2B5243563A3131332C06030402089C9065E5"}
{"DTUID":"113","SENSORID":6,"FUNCID":3,"NDATA":2,"SENSORTYPE":"PWR-METER-POWER","RCV_BYTES":["0208","9C90"],"DATAS":[520,-25456],"DATAS1":[],"DATAS2":[],"TIMESTAMP":"2025-07-04T02:55:04.643Z","BUFFER":"2B5243563A3131332C06030402089C9065E5"}
{"DTUID":"113","SENSORID":6,"FUNCID":3,"NDATA":2,"SENSORTYPE":"PWR-METER-POWER","RCV_BYTES":["0208","9C90"],"DATAS":[520,-25456],"DATAS1":[],"DATAS2":[],"TIMESTAMP":"2025-07-04T03:00:04.544Z","BUFFER":"2B5243563A3131332C06030402089C9065E5"}
{"DTUID":"113","SENSORID":6,"FUNCID":3,"NDATA":2,"SENSORTYPE":"PWR-METER-POWER","RCV_BYTES":["0208","9C90"],"DATAS":[520,-25456],"DATAS1":[],"DATAS2":[],"TIMESTAMP":"2025-07-04T03:05:04.543Z","BUFFER":"2B5243563A3131332C06030402089C9065E5"}
{"DTUID":"113","SENSORID":6,"FUNCID":3,"NDATA":2,"SENSORTYPE":"PWR-METER-POWER","RCV_BYTES":["0208","9C90"],"DATAS":[520,-25456],"DATAS1":[],"DATAS2":[],"TIMESTAMP":"2025-07-04T03:10:04.583Z","BUFFER":"2B5243563A3131332C06030402089C9065E5"}
{"DTUID":"113","SENSORID":6,"FUNCID":3,"NDATA":2,"SENSORTYPE":"PWR-METER-POWER","RCV_BYTES":["0208","9C90"],"DATAS":[520,-25456],"DATAS1":[],"DATAS2":[],"TIMESTAMP":"2025-07-04T03:15:03.263Z","BUFFER":"2B5243563A3131332C06030402089C9065E5"}
{"DTUID":"113","SENSORID":6,"FUNCID":3,"NDATA":2,"SENSORTYPE":"PWR-METER-POWER","RCV_BYTES":["0208","9C90"],"DATAS":[520,-25456],"DATAS1":[],"DATAS2":[],"TIMESTAMP":"2025-07-04T03:20:05.054Z","BUFFER":"2B5243563A3131332C06030402089C9065E5"}
{"DTUID":"113","SENSORID":6,"FUNCID":3,"NDATA":2,"SENSORTYPE":"PWR-METER-POWER","RCV_BYTES":["0208","9C90"],"DATAS":[520,-25456],"DATAS1":[],"DATAS2":[],"TIMESTAMP":"2025-07-04T03:25:04.603Z","BUFFER":"2B5243563A3131332C06030402089C9065E5"}
{"DTUID":"113","SENSORID":6,"FUNCID":3,"NDATA":2,"SENSORTYPE":"PWR-METER-POWER","RCV_BYTES":["0208","9D62"],"DATAS":[520,-25246],"DATAS1":[],"DATAS2":[],"TIMESTAMP":"2025-07-05T05:03:21.260Z","BUFFER":"2B5243563A3131332C06030402089D62E5F0"}
{"DTUID":"113","SENSORID":6,"FUNCID":3,"NDATA":2,"SENSORTYPE":"PWR-METER-POWER","RCV_BYTES":["0208","9D58"],"DATAS":[520,-25256],"DATAS1":[],"DATAS2":[],"TIMESTAMP":"2025-07-05T05:05:04.701Z","BUFFER":"2B5243563A3131332C06030402089D5865E3"}
{"DTUID":"113","SENSORID":6,"FUNCID":3,"NDATA":2,"SENSORTYPE":"PWR-METER-POWER","RCV_BYTES":["0208","9D58"],"DATAS":[520,-25256],"DATAS1":[],"DATAS2":[],"TIMESTAMP":"2025-07-05T05:10:06.888Z","BUFFER":"2B5243563A3131332C06030402089D5865E3"}
{"DTUID":"113","SENSORID":6,"FUNCID":3,"NDATA":2,"SENSORTYPE":"PWR-METER-POWER","RCV_BYTES":["0208","9D58"],"DATAS":[520,-25256],"DATAS1":[],"DATAS2":[],"TIMESTAMP":"2025-07-05T05:15:06.968Z","BUFFER":"2B5243563A3131332C06030402089D5865E3"}
{"DTUID":"113","SENSORID":6,"FUNCID":3,"NDATA":2,"SENSORTYPE":"PWR-METER-POWER","RCV_BYTES":["0208","9D58"],"DATAS":[520,-25256],"DATAS1":[],"DATAS2":[],"TIMESTAMP":"2025-07-05T05:20:06.180Z","BUFFER":"2B5243563A3131332C06030402089D5865E3"}
{"DTUID":"113","SENSORID":6,"FUNCID":3,"NDATA":2,"SENSORTYPE":"PWR-METER-POWER","RCV_BYTES":["0208","9D58"],"DATAS":[520,-25256],"DATAS1":[],"DATAS2":[],"TIMESTAMP":"2025-07-05T05:25:17.780Z","BUFFER":"2B5243563A3131332C06030402089D5865E3"}
{"DTUID":"113","SENSORID":6,"FUNCID":3,"NDATA":2,"SENSORTYPE":"PWR-METER-POWER","RCV_BYTES":["0208","9D58"],"DATAS":[520,-25256],"DATAS1":[],"DATAS2":[],"TIMESTAMP":"2025-07-05T05:30:06.320Z","BUFFER":"2B5243563A3131332C06030402089D5865E3"}
{"DTUID":"113","SENSORID":6,"FUNCID":3,"NDATA":2,"SENSORTYPE":"PWR-METER-POWER","RCV_BYTES":["0208","9D58"],"DATAS":[520,-25256],"DATAS1":[],"DATAS2":[],"TIMESTAMP":"2025-07-05T05:35:06.262Z","BUFFER":"2B5243563A3131332C06030402089D5865E3"}
{"DTUID":"113","SENSORID":6,"FUNCID":3,"NDATA":2,"SENSORTYPE":"PWR-METER-POWER","RCV_BYTES":["0208","9D58"],"DATAS":[520,-25256],"DATAS1":[],"DATAS2":[],"TIMESTAMP":"2025-07-05T05:40:06.142Z","BUFFER":"2B5243563A3131332C06030402089D5865E3"}
{"DTUID":"113","SENSORID":6,"FUNCID":3,"NDATA":2,"SENSORTYPE":"PWR-METER-POWER","RCV_BYTES":["0208","9D6C"],"DATAS":[520,-25236],"DATAS1":[],"DATAS2":[],"TIMESTAMP":"2025-07-05T05:45:05.289Z","BUFFER":"2B5243563A3131332C06030402089D6C6434"}
{"DTUID":"113","SENSORID":6,"FUNCID":3,"NDATA":2,"SENSORTYPE":"PWR-METER-POWER","RCV_BYTES":["0208","9D6C"],"DATAS":[520,-25236],"DATAS1":[],"DATAS2":[],"TIMESTAMP":"2025-07-05T05:50:06.520Z","BUFFER":"2B5243563A3131332C06030402089D6C6434"}
{"DTUID":"113","SENSORID":6,"FUNCID":3,"NDATA":2,"SENSORTYPE":"PWR-METER-POWER","RCV_BYTES":["0208","9D6E"],"DATAS":[520,-25234],"DATAS1":[],"DATAS2":[],"TIMESTAMP":"2025-07-05T05:53:21.266Z","BUFFER":"2B5243563A3131332C06030402089D6EE5F5"}
{"DTUID":"113","SENSORID":6,"FUNCID":3,"NDATA":2,"SENSORTYPE":"PWR-METER-POWER","RCV_BYTES":["0208","9D6C"],"DATAS":[520,-25236],"DATAS1":[],"DATAS2":[],"TIMESTAMP":"2025-07-05T05:55:11.501Z","BUFFER":"2B5243563A3131332C06030402089D6C6434"}
{"DTUID":"113","SENSORID":6,"FUNCID":3,"NDATA":2,"SENSORTYPE":"PWR-METER-POWER","RCV_BYTES":["0208","9D6C"],"DATAS":[520,-25236],"DATAS1":[],"DATAS2":[],"TIMESTAMP":"2025-07-05T06:00:05.980Z","BUFFER":"2B5243563A3131332C06030402089D6C6434"}
{"DTUID":"113","SENSORID":6,"FUNCID":3,"NDATA":2,"SENSORTYPE":"PWR-METER-POWER","RCV_BYTES":["0208","9D6C"],"DATAS":[520,-25236],"DATAS1":[],"DATAS2":[],"TIMESTAMP":"2025-07-05T06:10:05.908Z","BUFFER":"2B5243563A3131332C06030402089D6C6434"}
{"DTUID":"113","SENSORID":6,"FUNCID":3,"NDATA":2,"SENSORTYPE":"PWR-METER-POWER","RCV_BYTES":["0208","9D74"],"DATAS":[520,-25228],"DATAS1":[],"DATAS2":[],"TIMESTAMP":"2025-07-05T06:13:21.369Z","BUFFER":"2B5243563A3131332C06030402089D74643E"}
{"DTUID":"113","SENSORID":6,"FUNCID":3,"NDATA":2,"SENSORTYPE":"PWR-METER-POWER","RCV_BYTES":["0208","9D6C"],"DATAS":[520,-25236],"DATAS1":[],"DATAS2":[],"TIMESTAMP":"2025-07-05T06:15:07.768Z","BUFFER":"2B5243563A3131332C06030402089D6C6434"}
{"DTUID":"113","SENSORID":6,"FUNCID":3,"NDATA":2,"SENSORTYPE":"PWR-METER-POWER","RCV_BYTES":["0208","9D6C"],"DATAS":[520,-25236],"DATAS1":[],"DATAS2":[],"TIMESTAMP":"2025-07-05T06:20:06.164Z","BUFFER":"2B5243563A3131332C06030402089D6C6434"}
{"DTUID":"113","SENSORID":6,"FUNCID":3,"NDATA":2,"SENSORTYPE":"PWR-METER-POWER","RCV_BYTES":["0208","9D76"],"DATAS":[520,-25226],"DATAS1":[],"DATAS2":[],"TIMESTAMP":"2025-07-05T06:23:21.367Z","BUFFER":"2B5243563A3131332C06030402089D76E5FF"}
{"DTUID":"113","SENSORID":6,"FUNCID":3,"NDATA":2,"SENSORTYPE":"PWR-METER-POWER","RCV_BYTES":["0208","9D6C"],"DATAS":[520,-25236],"DATAS1":[],"DATAS2":[],"TIMESTAMP":"2025-07-05T06:25:04.742Z","BUFFER":"2B5243563A3131332C06030402089D6C6434"}
{"DTUID":"113","SENSORID":6,"FUNCID":3,"NDATA":2,"SENSORTYPE":"PWR-METER-POWER","RCV_BYTES":["0208","9D6C"],"DATAS":[520,-25236],"DATAS1":[],"DATAS2":[],"TIMESTAMP":"2025-07-05T06:30:04.648Z","BUFFER":"2B5243563A3131332C06030402089D6C6434"}
{"DTUID":"113","SENSORID":6,"FUNCID":3,"NDATA":2,"SENSORTYPE":"PWR-METER-POWER","RCV_BYTES":["0208","9D6C"],"DATAS":[520,-25236],"DATAS1":[],"DATAS2":[],"TIMESTAMP":"2025-07-05T06:35:06.245Z","BUFFER":"2B5243563A3131332C06030402089D6C6434"}
{"DTUID":"113","SENSORID":6,"FUNCID":3,"NDATA":2,"SENSORTYPE":"PWR-METER-POWER","RCV_BYTES":["0208","9D6C"],"DATAS":[520,-25236],"DATAS1":[],"DATAS2":[],"TIMESTAMP":"2025-07-05T06:40:06.199Z","BUFFER":"2B5243563A3131332C06030402089D6C6434"}
{"DTUID":"113","SENSORID":6,"FUNCID":3,"NDATA":2,"SENSORTYPE":"PWR-METER-POWER","RCV_BYTES":["0208","9D7B"],"DATAS":[520,-25221],"DATAS1":[],"DATAS2":[],"TIMESTAMP":"2025-07-05T06:43:21.228Z","BUFFER":"2B5243563A3131332C06030402089D7B243A"}
{"DTUID":"113","SENSORID":6,"FUNCID":3,"NDATA":2,"SENSORTYPE":"PWR-METER-POWER","RCV_BYTES":["0208","9D6C"],"DATAS":[520,-25236],"DATAS1":[],"DATAS2":[],"TIMESTAMP":"2025-07-05T06:45:04.021Z","BUFFER":"2B5243563A3131332C06030402089D6C6434"}
{"DTUID":"113","SENSORID":6,"FUNCID":3,"NDATA":2,"SENSORTYPE":"PWR-METER-POWER","RCV_BYTES":["0208","9D6C"],"DATAS":[520,-25236],"DATAS1":[],"DATAS2":[],"TIMESTAMP":"2025-07-05T06:50:05.243Z","BUFFER":"2B5243563A3131332C06030402089D6C6434"}
{"DTUID":"113","SENSORID":6,"FUNCID":3,"NDATA":2,"SENSORTYPE":"PWR-METER-POWER","RCV_BYTES":["0208","9D7E"],"DATAS":[520,-25218],"DATAS1":[],"DATAS2":[],"TIMESTAMP":"2025-07-05T06:53:21.461Z","BUFFER":"2B5243563A3131332C06030402089D7EE439"}
{"DTUID":"113","SENSORID":6,"FUNCID":3,"NDATA":2,"SENSORTYPE":"PWR-METER-POWER","RCV_BYTES":["0208","9D6C"],"DATAS":[520,-25236],"DATAS1":[],"DATAS2":[],"TIMESTAMP":"2025-07-05T06:55:04.269Z","BUFFER":"2B5243563A3131332C06030402089D6C6434"}
{"DTUID":"113","SENSORID":6,"FUNCID":3,"NDATA":2,"SENSORTYPE":"PWR-METER-POWER","RCV_BYTES":["0208","9D6C"],"DATAS":[520,-25236],"DATAS1":[],"DATAS2":[],"TIMESTAMP":"2025-07-05T07:00:06.440Z","BUFFER":"2B5243563A3131332C06030402089D6C6434"}
{"DTUID":"113","SENSORID":6,"FUNCID":3,"NDATA":2,"SENSORTYPE":"PWR-METER-POWER","RCV_BYTES":["0208","9D80"],"DATAS":[520,-25216],"DATAS1":[],"DATAS2":[],"TIMESTAMP":"2025-07-05T07:03:22.500Z","BUFFER":"2B5243563A3131332C06030402089D8065B9"}
{"DTUID":"113","SENSORID":6,"FUNCID":3,"NDATA":2,"SENSORTYPE":"PWR-METER-POWER","RCV_BYTES":["0208","9D80"],"DATAS":[520,-25216],"DATAS1":[],"DATAS2":[],"TIMESTAMP":"2025-07-05T07:05:05.369Z","BUFFER":"2B5243563A3131332C06030402089D8065B9"}
{"DTUID":"113","SENSORID":6,"FUNCID":3,"NDATA":2,"SENSORTYPE":"PWR-METER-POWER","RCV_BYTES":["0208","9D80"],"DATAS":[520,-25216],"DATAS1":[],"DATAS2":[],"TIMESTAMP":"2025-07-05T07:10:06.620Z","BUFFER":"2B5243563A3131332C06030402089D8065B9"}
{"DTUID":"113","SENSORID":6,"FUNCID":3,"NDATA":2,"SENSORTYPE":"PWR-METER-POWER","RCV_BYTES":["0208","9D80"],"DATAS":[520,-25216],"DATAS1":[],"DATAS2":[],"TIMESTAMP":"2025-07-05T07:15:04.180Z","BUFFER":"2B5243563A3131332C06030402089D8065B9"}
{"DTUID":"113","SENSORID":6,"FUNCID":3,"NDATA":2,"SENSORTYPE":"PWR-METER-POWER","RCV_BYTES":["0208","9D80"],"DATAS":[520,-25216],"DATAS1":[],"DATAS2":[],"TIMESTAMP":"2025-07-05T07:20:06.160Z","BUFFER":"2B5243563A3131332C06030402089D8065B9"}
{"DTUID":"113","SENSORID":6,"FUNCID":3,"NDATA":2,"SENSORTYPE":"PWR-METER-POWER","RCV_BYTES":["0208","9D80"],"DATAS":[520,-25216],"DATAS1":[],"DATAS2":[],"TIMESTAMP":"2025-07-05T07:25:05.859Z","BUFFER":"2B5243563A3131332C06030402089D8065B9"}
{"DTUID":"113","SENSORID":6,"FUNCID":3,"NDATA":2,"SENSORTYPE":"PWR-METER-POWER","RCV_BYTES":["0208","9D80"],"DATAS":[520,-25216],"DATAS1":[],"DATAS2":[],"TIMESTAMP":"2025-07-05T07:30:07.120Z","BUFFER":"2B5243563A3131332C06030402089D8065B9"}
{"DTUID":"113","SENSORID":6,"FUNCID":3,"NDATA":2,"SENSORTYPE":"PWR-METER-POWER","RCV_BYTES":["0208","BC0C"],"DATAS":[520,-17396],"DATAS1":[],"DATAS2":[],"TIMESTAMP":"2025-07-08T05:25:09.946Z","BUFFER":"2B5243563A3131332C0603040208BC0C7C4C"}
{"DTUID":"113","SENSORID":6,"FUNCID":3,"NDATA":2,"SENSORTYPE":"PWR-METER-POWER","RCV_BYTES":["0208","BCFC"],"DATAS":[520,-17156],"DATAS1":[],"DATAS2":[],"TIMESTAMP":"2025-07-08T05:30:17.992Z","BUFFER":"2B5243563A3131332C0603040208BCFC7C08"}
{"DTUID":"113","SENSORID":6,"FUNCID":3,"NDATA":2,"SENSORTYPE":"PWR-METER-POWER","RCV_BYTES":["0208","BD63"],"DATAS":[520,-17053],"DATAS1":[],"DATAS2":[],"TIMESTAMP":"2025-07-08T05:32:23.746Z","BUFFER":"2B5243563A3131332C0603040208BD633DF0"}
{"DTUID":"113","SENSORID":6,"FUNCID":3,"NDATA":2,"SENSORTYPE":"PWR-METER-POWER","RCV_BYTES":["0208","BDD8"],"DATAS":[520,-16936],"DATAS1":[],"DATAS2":[],"TIMESTAMP":"2025-07-08T05:35:09.566Z","BUFFER":"2B5243563A3131332C0603040208BDD87D83"}
{"DTUID":"113","SENSORID":6,"FUNCID":3,"NDATA":2,"SENSORTYPE":"PWR-METER-POWER","RCV_BYTES":["0208","BEC8"],"DATAS":[520,-16696],"DATAS1":[],"DATAS2":[],"TIMESTAMP":"2025-07-08T05:40:10.007Z","BUFFER":"2B5243563A3131332C0603040208BEC87CBF"}
{"DTUID":"113","SENSORID":6,"FUNCID":3,"NDATA":2,"SENSORTYPE":"PWR-METER-POWER","RCV_BYTES":["0208","BFB8"],"DATAS":[520,-16456],"DATAS1":[],"DATAS2":[],"TIMESTAMP":"2025-07-08T05:45:10.082Z","BUFFER":"2B5243563A3131332C0603040208BFB87CCB"}
{"DTUID":"113","SENSORID":6,"FUNCID":3,"NDATA":2,"SENSORTYPE":"PWR-METER-POWER","RCV_BYTES":["0208","C094"],"DATAS":[520,-16236],"DATAS1":[],"DATAS2":[],"TIMESTAMP":"2025-07-08T05:50:10.086Z","BUFFER":"2B5243563A3131332C0603040208C0945D26"}
{"DTUID":"113","SENSORID":6,"FUNCID":3,"NDATA":2,"SENSORTYPE":"PWR-METER-POWER","RCV_BYTES":["0208","C184"],"DATAS":[520,-15996],"DATAS1":[],"DATAS2":[],"TIMESTAMP":"2025-07-08T05:55:09.946Z","BUFFER":"2B5243563A3131332C0603040208C1845D7A"}
{"DTUID":"113","SENSORID":6,"FUNCID":3,"NDATA":2,"SENSORTYPE":"PWR-METER-POWER","RCV_BYTES":["0208","C274"],"DATAS":[520,-15756],"DATAS1":[],"DATAS2":[],"TIMESTAMP":"2025-07-08T06:00:09.967Z","BUFFER":"2B5243563A3131332C0603040208C2745DCE"}
{"DTUID":"113","SENSORID":6,"FUNCID":3,"NDATA":2,"SENSORTYPE":"PWR-METER-POWER","RCV_BYTES":["0208","C364"],"DATAS":[520,-15516],"DATAS1":[],"DATAS2":[],"TIMESTAMP":"2025-07-08T06:05:10.087Z","BUFFER":"2B5243563A3131332C0603040208C3645D92"}
{"DTUID":"113","SENSORID":6,"FUNCID":3,"NDATA":2,"SENSORTYPE":"PWR-METER-POWER","RCV_BYTES":["0208","C454"],"DATAS":[520,-15276],"DATAS1":[],"DATAS2":[],"TIMESTAMP":"2025-07-08T06:10:10.114Z","BUFFER":"2B5243563A3131332C0603040208C4545FB6"}
{"DTUID":"113","SENSORID":6,"FUNCID":3,"NDATA":2,"SENSORTYPE":"PWR-METER-POWER","RCV_BYTES":["0208","C544"],"DATAS":[520,-15036],"DATAS1":[],"DATAS2":[],"TIMESTAMP":"2025-07-08T06:15:10.167Z","BUFFER":"2B5243563A3131332C0603040208C5445FEA"}
{"DTUID":"113","SENSORID":6,"FUNCID":3,"NDATA":2,"SENSORTYPE":"PWR-METER-POWER","RCV_BYTES":["0208","C648"],"DATAS":[520,-14776],"DATAS1":[],"DATAS2":[],"TIMESTAMP":"2025-07-08T06:20:10.024Z","BUFFER":"2B5243563A3131332C0603040208C6485F1F"}
{"DTUID":"113","SENSORID":6,"FUNCID":3,"NDATA":2,"SENSORTYPE":"PWR-METER-POWER","RCV_BYTES":["0208","C738"],"DATAS":[520,-14536],"DATAS1":[],"DATAS2":[],"TIMESTAMP":"2025-07-08T06:25:10.083Z","BUFFER":"2B5243563A3131332C0603040208C7385F6B"}
{"DTUID":"113","SENSORID":6,"FUNCID":3,"NDATA":2,"SENSORTYPE":"PWR-METER-POWER","RCV_BYTES":["0208","C828"],"DATAS":[520,-14296],"DATAS1":[],"DATAS2":[],"TIMESTAMP":"2025-07-08T06:30:10.094Z","BUFFER":"2B5243563A3131332C0603040208C8285B57"}
{"DTUID":"113","SENSORID":6,"FUNCID":3,"NDATA":2,"SENSORTYPE":"PWR-METER-POWER","RCV_BYTES":["0208","C904"],"DATAS":[520,-14076],"DATAS1":[],"DATAS2":[],"TIMESTAMP":"2025-07-08T06:35:10.175Z","BUFFER":"2B5243563A3131332C0603040208C9045B1A"}
{"DTUID":"113","SENSORID":6,"FUNCID":3,"NDATA":2,"SENSORTYPE":"PWR-METER-POWER","RCV_BYTES":["0208","C9F4"],"DATAS":[520,-13836],"DATAS1":[],"DATAS2":[],"TIMESTAMP":"2025-07-08T06:40:10.076Z","BUFFER":"2B5243563A3131332C0603040208C9F45B5E"}
{"DTUID":"113","SENSORID":6,"FUNCID":3,"NDATA":2,"SENSORTYPE":"PWR-METER-POWER","RCV_BYTES":["020A","2574"],"DATAS":[522,9588],"DATAS1":[],"DATAS2":[],"TIMESTAMP":"2025-07-09T12:15:11.920Z","BUFFER":"2B5243563A3131332C060304020A2574B7FE"}
{"DTUID":"113","SENSORID":6,"FUNCID":3,"NDATA":2,"SENSORTYPE":"PWR-METER-POWER","RCV_BYTES":["020A","26E3"],"DATAS":[522,9955],"DATAS1":[],"DATAS2":[],"TIMESTAMP":"2025-07-09T12:22:44.920Z","BUFFER":"2B5243563A3131332C060304020A26E3F6A0"}
{"DTUID":"113","SENSORID":6,"FUNCID":3,"NDATA":2,"SENSORTYPE":"PWR-METER-POWER","RCV_BYTES":["020A","2790"],"DATAS":[522,10128],"DATAS1":[],"DATAS2":[],"TIMESTAMP":"2025-07-09T12:25:12.020Z","BUFFER":"2B5243563A3131332C060304020A2790B6D5"}
{"DTUID":"113","SENSORID":6,"FUNCID":3,"NDATA":2,"SENSORTYPE":"PWR-METER-POWER","RCV_BYTES":["020A","2D97"],"DATAS":[522,11671],"DATAS1":[],"DATAS2":[],"TIMESTAMP":"2025-07-09T12:51:52.368Z","BUFFER":"2B5243563A3131332C060304020A2D97F1B7"}
{"DTUID":"113","SENSORID":6,"FUNCID":3,"NDATA":2,"SENSORTYPE":"PWR-METER-POWER","RCV_BYTES":["020A","2E48"],"DATAS":[522,11848],"DATAS1":[],"DATAS2":[],"TIMESTAMP":"2025-07-09T12:55:12.006Z","BUFFER":"2B5243563A3131332C060304020A2E48B0DF"}
{"DTUID":"113","SENSORID":6,"FUNCID":3,"NDATA":2,"SENSORTYPE":"PWR-METER-POWER","RCV_BYTES":["020A","2F74"],"DATAS":[522,12148],"DATAS1":[],"DATAS2":[],"TIMESTAMP":"2025-07-09T13:00:11.899Z","BUFFER":"2B5243563A3131332C060304020A2F74B15E"}
{"DTUID":"113","SENSORID":6,"FUNCID":3,"NDATA":2,"SENSORTYPE":"PWR-METER-POWER","RCV_BYTES":["020A","30A0"],"DATAS":[522,12448],"DATAS1":[],"DATAS2":[],"TIMESTAMP":"2025-07-09T13:05:11.925Z","BUFFER":"2B5243563A3131332C060304020A30A0B931"}
{"DTUID":"113","SENSORID":6,"FUNCID":3,"NDATA":2,"SENSORTYPE":"PWR-METER-POWER","RCV_BYTES":["020A","31B8"],"DATAS":[522,12728],"DATAS1":[],"DATAS2":[],"TIMESTAMP":"2025-07-09T13:10:12.033Z","BUFFER":"2B5243563A3131332C060304020A31B8B8AB"}
{"DTUID":"113","SENSORID":6,"FUNCID":3,"NDATA":2,"SENSORTYPE":"PWR-METER-POWER","RCV_BYTES":["020A","32D0"],"DATAS":[522,13008],"DATAS1":[],"DATAS2":[],"TIMESTAMP":"2025-07-09T13:15:11.488Z","BUFFER":"2B5243563A3131332C060304020A32D0B9B5"}
{"DTUID":"113","SENSORID":6,"FUNCID":3,"NDATA":2,"SENSORTYPE":"PWR-METER-POWER","RCV_BYTES":["020A","33E8"],"DATAS":[522,13288],"DATAS1":[],"DATAS2":[],"TIMESTAMP":"2025-07-09T13:20:10.681Z","BUFFER":"2B5243563A3131332C060304020A33E8B9F7"}
{"DTUID":"113","SENSORID":6,"FUNCID":3,"NDATA":2,"SENSORTYPE":"PWR-METER-POWER","RCV_BYTES":["020A","34EC"],"DATAS":[522,13548],"DATAS1":[],"DATAS2":[],"TIMESTAMP":"2025-07-09T13:25:12.001Z","BUFFER":"2B5243563A3131332C060304020A34ECBA04"}
{"DTUID":"113","SENSORID":6,"FUNCID":3,"NDATA":2,"SENSORTYPE":"PWR-METER-POWER","RCV_BYTES":["020A","35F0"],"DATAS":[522,13808],"DATAS1":[],"DATAS2":[],"TIMESTAMP":"2025-07-09T13:30:11.922Z","BUFFER":"2B5243563A3131332C060304020A35F0BA5D"}
{"DTUID":"113","SENSORID":6,"FUNCID":3,"NDATA":2,"SENSORTYPE":"PWR-METER-POWER","RCV_BYTES":["020A","36F4"],"DATAS":[522,14068],"DATAS1":[],"DATAS2":[],"TIMESTAMP":"2025-07-09T13:35:12.023Z","BUFFER":"2B5243563A3131332C060304020A36F4BB6E"}
{"DTUID":"113","SENSORID":6,"FUNCID":3,"NDATA":2,"SENSORTYPE":"PWR-METER-POWER","RCV_BYTES":["020A","37F8"],"DATAS":[522,14328],"DATAS1":[],"DATAS2":[],"TIMESTAMP":"2025-07-09T13:40:12.002Z","BUFFER":"2B5243563A3131332C060304020A37F8BAFB"}
{"DTUID":"113","SENSORID":6,"FUNCID":3,"NDATA":2,"SENSORTYPE":"PWR-METER-POWER","RCV_BYTES":["020A","38FC"],"DATAS":[522,14588],"DATAS1":[],"DATAS2":[],"TIMESTAMP":"2025-07-09T13:45:11.942Z","BUFFER":"2B5243563A3131332C060304020A38FCBEC8"}
{"DTUID":"113","SENSORID":6,"FUNCID":3,"NDATA":2,"SENSORTYPE":"PWR-METER-POWER","RCV_BYTES":["020A","3A00"],"DATAS":[522,14848],"DATAS1":[],"DATAS2":[],"TIMESTAMP":"2025-07-09T13:50:11.940Z","BUFFER":"2B5243563A3131332C060304020A3A00BFE9"}
{"DTUID":"113","SENSORID":6,"FUNCID":3,"NDATA":2,"SENSORTYPE":"PWR-METER-POWER","RCV_BYTES":["020A","3B18"],"DATAS":[522,15128],"DATAS1":[],"DATAS2":[],"TIMESTAMP":"2025-07-09T13:55:11.961Z","BUFFER":"2B5243563A3131332C060304020A3B18BE73"}
{"DTUID":"113","SENSORID":6,"FUNCID":3,"NDATA":2,"SENSORTYPE":"PWR-METER-POWER","RCV_BYTES":["020A","3C1C"],"DATAS":[522,15388],"DATAS1":[],"DATAS2":[],"TIMESTAMP":"2025-07-09T14:00:11.963Z","BUFFER":"2B5243563A3131332C060304020A3C1CBD80"}
{"DTUID":"113","SENSORID":6,"FUNCID":3,"NDATA":2,"SENSORTYPE":"PWR-METER-POWER","RCV_BYTES":["020A","3D20"],"DATAS":[522,15648],"DATAS1":[],"DATAS2":[],"TIMESTAMP":"2025-07-09T14:05:12.081Z","BUFFER":"2B5243563A3131332C060304020A3D20BC01"}
{"DTUID":"113","SENSORID":6,"FUNCID":3,"NDATA":2,"SENSORTYPE":"PWR-METER-POWER","RCV_BYTES":["020A","3E10"],"DATAS":[522,15888],"DATAS1":[],"DATAS2":[],"TIMESTAMP":"2025-07-09T14:10:12.009Z","BUFFER":"2B5243563A3131332C060304020A3E10BCE5"}
{"DTUID":"113","SENSORID":6,"FUNCID":3,"NDATA":2,"SENSORTYPE":"PWR-METER-POWER","RCV_BYTES":["020A","3F14"],"DATAS":[522,16148],"DATAS1":[],"DATAS2":[],"TIMESTAMP":"2025-07-09T14:15:12.041Z","BUFFER":"2B5243563A3131332C060304020A3F14BCB6"}
{"DTUID":"113","SENSORID":6,"FUNCID":3,"NDATA":2,"SENSORTYPE":"PWR-METER-POWER","RCV_BYTES":["020A","4018"],"DATAS":[522,16408],"DATAS1":[],"DATAS2":[],"TIMESTAMP":"2025-07-09T14:20:11.982Z","BUFFER":"2B5243563A3131332C060304020A40189C83"}
{"DTUID":"113","SENSORID":6,"FUNCID":3,"NDATA":2,"SENSORTYPE":"PWR-METER-POWER","RCV_BYTES":["020A","411C"],"DATAS":[522,16668],"DATAS1":[],"DATAS2":[],"TIMESTAMP":"2025-07-09T14:25:12.109Z","BUFFER":"2B5243563A3131332C060304020A411C9CD0"}
{"DTUID":"113","SENSORID":6,"FUNCID":3,"NDATA":2,"SENSORTYPE":"PWR-METER-POWER","RCV_BYTES":["020A","420C"],"DATAS":[522,16908],"DATAS1":[],"DATAS2":[],"TIMESTAMP":"2025-07-09T14:30:11.684Z","BUFFER":"2B5243563A3131332C060304020A420C9DEC"}
{"DTUID":"113","SENSORID":6,"FUNCID":3,"NDATA":2,"SENSORTYPE":"PWR-METER-POWER","RCV_BYTES":["020A","4310"],"DATAS":[522,17168],"DATAS1":[],"DATAS2":[],"TIMESTAMP":"2025-07-09T14:35:11.940Z","BUFFER":"2B5243563A3131332C060304020A43109DB5"}
{"DTUID":"113","SENSORID":6,"FUNCID":3,"NDATA":2,"SENSORTYPE":"PWR-METER-POWER","RCV_BYTES":["020A","4414"],"DATAS":[522,17428],"DATAS1":[],"DATAS2":[],"TIMESTAMP":"2025-07-09T14:40:12.022Z","BUFFER":"2B5243563A3131332C060304020A44149E46"}
{"DTUID":"113","SENSORID":6,"FUNCID":3,"NDATA":2,"SENSORTYPE":"PWR-METER-POWER","RCV_BYTES":["020A","4518"],"DATAS":[522,17688],"DATAS1":[],"DATAS2":[],"TIMESTAMP":"2025-07-09T14:45:12.080Z","BUFFER":"2B5243563A3131332C060304020A45189FD3"}
{"DTUID":"113","SENSORID":6,"FUNCID":3,"NDATA":2,"SENSORTYPE":"PWR-METER-POWER","RCV_BYTES":["020A","4630"],"DATAS":[522,17968],"DATAS1":[],"DATAS2":[],"TIMESTAMP":"2025-07-09T14:50:12.058Z","BUFFER":"2B5243563A3131332C060304020A46309F3D"}
{"DTUID":"113","SENSORID":6,"FUNCID":3,"NDATA":2,"SENSORTYPE":"PWR-METER-POWER","RCV_BYTES":["020B","B088"],"DATAS":[523,-20344],"DATAS1":[],"DATAS2":[],"TIMESTAMP":"2025-07-10T21:15:15.250Z","BUFFER":"2B5243563A3131332C060304020BB088892F"}
{"DTUID":"113","SENSORID":6,"FUNCID":3,"NDATA":2,"SENSORTYPE":"PWR-METER-POWER","RCV_BYTES":["020B","B13C"],"DATAS":[523,-20164],"DATAS1":[],"DATAS2":[],"TIMESTAMP":"2025-07-10T21:20:14.589Z","BUFFER":"2B5243563A3131332C060304020BB13C88C8"}
{"DTUID":"113","SENSORID":6,"FUNCID":3,"NDATA":2,"SENSORTYPE":"PWR-METER-POWER","RCV_BYTES":["020B","B1F0"],"DATAS":[523,-19984],"DATAS1":[],"DATAS2":[],"TIMESTAMP":"2025-07-10T21:25:14.729Z","BUFFER":"2B5243563A3131332C060304020BB1F0889D"}
{"DTUID":"113","SENSORID":6,"FUNCID":3,"NDATA":2,"SENSORTYPE":"PWR-METER-POWER","RCV_BYTES":["020B","B290"],"DATAS":[523,-19824],"DATAS1":[],"DATAS2":[],"TIMESTAMP":"2025-07-10T21:30:14.552Z","BUFFER":"2B5243563A3131332C060304020BB2908845"}
{"DTUID":"113","SENSORID":6,"FUNCID":3,"NDATA":2,"SENSORTYPE":"PWR-METER-POWER","RCV_BYTES":["020B","D4BE"],"DATAS":[523,-11074],"DATAS1":[],"DATAS2":[],"TIMESTAMP":"2025-07-11T00:42:49.849Z","BUFFER":"2B5243563A3131332C060304020BD4BE23F9"}
{"DTUID":"113","SENSORID":6,"FUNCID":3,"NDATA":2,"SENSORTYPE":"PWR-METER-POWER","RCV_BYTES":["020B","D57C"],"DATAS":[523,-10884],"DATAS1":[],"DATAS2":[],"TIMESTAMP":"2025-07-11T00:45:14.888Z","BUFFER":"2B5243563A3131332C060304020BD57CA3F8"}
{"DTUID":"113","SENSORID":6,"FUNCID":3,"NDATA":2,"SENSORTYPE":"PWR-METER-POWER","RCV_BYTES":["020B","D694"],"DATAS":[523,-10604],"DATAS1":[],"DATAS2":[],"TIMESTAMP":"2025-07-11T00:50:14.620Z","BUFFER":"2B5243563A3131332C060304020BD694A346"}
{"DTUID":"113","SENSORID":6,"FUNCID":3,"NDATA":2,"SENSORTYPE":"PWR-METER-POWER","RCV_BYTES":["020B","DC48"],"DATAS":[523,-9144],"DATAS1":[],"DATAS2":[],"TIMESTAMP":"2025-07-11T01:15:12.570Z","BUFFER":"2B5243563A3131332C060304020BDC48A47F"}
{"DTUID":"113","SENSORID":6,"FUNCID":3,"NDATA":2,"SENSORTYPE":"PWR-METER-POWER","RCV_BYTES":["020B","DD60"],"DATAS":[523,-8864],"DATAS1":[],"DATAS2":[],"TIMESTAMP":"2025-07-11T01:20:14.932Z","BUFFER":"2B5243563A3131332C060304020BDD60A5F1"}
{"DTUID":"113","SENSORID":6,"FUNCID":3,"NDATA":2,"SENSORTYPE":"PWR-METER-POWER","RCV_BYTES":["020B","DE78"],"DATAS":[523,-8584],"DATAS1":[],"DATAS2":[],"TIMESTAMP":"2025-07-11T01:25:14.868Z","BUFFER":"2B5243563A3131332C060304020BDE78A50B"}
{"DTUID":"113","SENSORID":6,"FUNCID":3,"NDATA":2,"SENSORTYPE":"PWR-METER-POWER","RCV_BYTES":["020B","E404"],"DATAS":[523,-7164],"DATAS1":[],"DATAS2":[],"TIMESTAMP":"2025-07-11T01:50:20.596Z","BUFFER":"2B5243563A3131332C060304020BE404B64A"}
{"DTUID":"113","SENSORID":6,"FUNCID":3,"NDATA":2,"SENSORTYPE":"PWR-METER-POWER","RCV_BYTES":["020B","E51C"],"DATAS":[523,-6884],"DATAS1":[],"DATAS2":[],"TIMESTAMP":"2025-07-11T01:55:14.837Z","BUFFER":"2B5243563A3131332C060304020BE51CB7D0"}
{"DTUID":"113","SENSORID":6,"FUNCID":3,"NDATA":2,"SENSORTYPE":"PWR-METER-POWER","RCV_BYTES":["020B","E648"],"DATAS":[523,-6584],"DATAS1":[],"DATAS2":[],"TIMESTAMP":"2025-07-11T02:00:19.516Z","BUFFER":"2B5243563A3131332C060304020BE648B6DF"}
{"DTUID":"113","SENSORID":6,"FUNCID":3,"NDATA":2,"SENSORTYPE":"PWR-METER-POWER","RCV_BYTES":["020B","E774"],"DATAS":[523,-6284],"DATAS1":[],"DATAS2":[],"TIMESTAMP":"2025-07-11T02:05:15.003Z","BUFFER":"2B5243563A3131332C060304020BE774B75E"}
{"DTUID":"113","SENSORID":6,"FUNCID":3,"NDATA":2,"SENSORTYPE":"PWR-METER-POWER","RCV_BYTES":["020B","E8A0"],"DATAS":[523,-5984],"DATAS1":[],"DATAS2":[],"TIMESTAMP":"2025-07-11T02:10:14.475Z","BUFFER":"2B5243563A3131332C060304020BE8A0B2F1"}
{"DTUID":"113","SENSORID":6,"FUNCID":3,"NDATA":2,"SENSORTYPE":"PWR-METER-POWER","RCV_BYTES":["020B","E9B8"],"DATAS":[523,-5704],"DATAS1":[],"DATAS2":[],"TIMESTAMP":"2025-07-11T02:15:14.995Z","BUFFER":"2B5243563A3131332C060304020BE9B8B36B"}
{"DTUID":"113","SENSORID":6,"FUNCID":3,"NDATA":2,"SENSORTYPE":"PWR-METER-POWER","RCV_BYTES":["020B","EAD0"],"DATAS":[523,-5424],"DATAS1":[],"DATAS2":[],"TIMESTAMP":"2025-07-11T02:20:14.476Z","BUFFER":"2B5243563A3131332C060304020BEAD0B275"}
{"DTUID":"113","SENSORID":6,"FUNCID":3,"NDATA":2,"SENSORTYPE":"PWR-METER-POWER","RCV_BYTES":["020B","EBE8"],"DATAS":[523,-5144],"DATAS1":[],"DATAS2":[],"TIMESTAMP":"2025-07-11T02:25:15.027Z","BUFFER":"2B5243563A3131332C060304020BEBE8B237"}
{"DTUID":"113","SENSORID":6,"FUNCID":3,"NDATA":2,"SENSORTYPE":"PWR-METER-POWER","RCV_BYTES":["020B","ED14"],"DATAS":[523,-4844],"DATAS1":[],"DATAS2":[],"TIMESTAMP":"2025-07-11T02:30:14.916Z","BUFFER":"2B5243563A3131332C060304020BED14B1D6"}
{"DTUID":"113","SENSORID":6,"FUNCID":3,"NDATA":2,"SENSORTYPE":"PWR-METER-POWER","RCV_BYTES":["020B","EE2C"],"DATAS":[523,-4564],"DATAS1":[],"DATAS2":[],"TIMESTAMP":"2025-07-11T02:35:14.926Z","BUFFER":"2B5243563A3131332C060304020BEE2CB0F4"}
{"DTUID":"113","SENSORID":6,"FUNCID":3,"NDATA":2,"SENSORTYPE":"PWR-METER-POWER","RCV_BYTES":["020B","EF44"],"DATAS":[523,-4284],"DATAS1":[],"DATAS2":[],"TIMESTAMP":"2025-07-11T02:40:15.406Z","BUFFER":"2B5243563A3131332C060304020BEF44B08A"}
{"DTUID":"113","SENSORID":6,"FUNCID":3,"NDATA":2,"SENSORTYPE":"PWR-METER-POWER","RCV_BYTES":["020B","F070"],"DATAS":[523,-3984],"DATAS1":[],"DATAS2":[],"TIMESTAMP":"2025-07-11T02:45:14.965Z","BUFFER":"2B5243563A3131332C060304020BF070B96D"}
{"DTUID":"113","SENSORID":6,"FUNCID":3,"NDATA":2,"SENSORTYPE":"PWR-METER-POWER","RCV_BYTES":["020B","F19C"],"DATAS":[523,-3684],"DATAS1":[],"DATAS2":[],"TIMESTAMP":"2025-07-11T02:50:15.014Z","BUFFER":"2B5243563A3131332C060304020BF19CB970"}
{"DTUID":"113","SENSORID":6,"FUNCID":3,"NDATA":2,"SENSORTYPE":"PWR-METER-POWER","RCV_BYTES":["020B","F2C8"],"DATAS":[523,-3384],"DATAS1":[],"DATAS2":[],"TIMESTAMP":"2025-07-11T02:55:15.027Z","BUFFER":"2B5243563A3131332C060304020BF2C8B87F"}
{"DTUID":"113","SENSORID":6,"FUNCID":3,"NDATA":2,"SENSORTYPE":"PWR-METER-POWER","RCV_BYTES":["020B","F3F4"],"DATAS":[523,-3084],"DATAS1":[],"DATAS2":[],"TIMESTAMP":"2025-07-11T03:00:14.761Z","BUFFER":"2B5243563A3131332C060304020BF3F4B9FE"}
{"DTUID":"113","SENSORID":6,"FUNCID":3,"NDATA":2,"SENSORTYPE":"PWR-METER-POWER","RCV_BYTES":["020B","F50C"],"DATAS":[523,-2804],"DATAS1":[],"DATAS2":[],"TIMESTAMP":"2025-07-11T03:05:14.962Z","BUFFER":"2B5243563A3131332C060304020BF50CBBDC"}
{"DTUID":"113","SENSORID":6,"FUNCID":3,"NDATA":2,"SENSORTYPE":"PWR-METER-POWER","RCV_BYTES":["020B","F638"],"DATAS":[523,-2504],"DATAS1":[],"DATAS2":[],"TIMESTAMP":"2025-07-11T03:10:14.582Z","BUFFER":"2B5243563A3131332C060304020BF638BAFB"}
{"DTUID":"113","SENSORID":6,"FUNCID":3,"NDATA":2,"SENSORTYPE":"PWR-METER-POWER","RCV_BYTES":["020B","F73C"],"DATAS":[523,-2244],"DATAS1":[],"DATAS2":[],"TIMESTAMP":"2025-07-11T03:15:14.523Z","BUFFER":"2B5243563A3131332C060304020BF73CBAA8"}
{"DTUID":"113","SENSORID":6,"FUNCID":3,"NDATA":2,"SENSORTYPE":"PWR-METER-POWER","RCV_BYTES":["020B","F840"],"DATAS":[523,-1984],"DATAS1":[],"DATAS2":[],"TIMESTAMP":"2025-07-11T03:20:14.255Z","BUFFER":"2B5243563A3131332C060304020BF840BEB9"}
{"DTUID":"113","SENSORID":6,"FUNCID":3,"NDATA":2,"SENSORTYPE":"PWR-METER-POWER","RCV_BYTES":["020B","F958"],"DATAS":[523,-1704],"DATAS1":[],"DATAS2":[],"TIMESTAMP":"2025-07-11T03:25:13.747Z","BUFFER":"2B5243563A3131332C060304020BF958BF23"}
{"DTUID":"113","SENSORID":6,"FUNCID":3,"NDATA":2,"SENSORTYPE":"PWR-METER-POWER","RCV_BYTES":["020B","FA84"],"DATAS":[523,-1404],"DATAS1":[],"DATAS2":[],"TIMESTAMP":"2025-07-11T03:30:14.145Z","BUFFER":"2B5243563A3131332C060304020BFA84BE4A"}
{"DTUID":"113","SENSORID":6,"FUNCID":3,"NDATA":2,"SENSORTYPE":"PWR-METER-POWER","RCV_BYTES":["020B","FB9C"],"DATAS":[523,-1124],"DATAS1":[],"DATAS2":[],"TIMESTAMP":"2025-07-11T03:35:14.347Z","BUFFER":"2B5243563A3131332C060304020BFB9CBFD0"}
{"DTUID":"113","SENSORID":6,"FUNCID":3,"NDATA":2,"SENSORTYPE":"PWR-METER-POWER","RCV_BYTES":["020B","FCB4"],"DATAS":[523,-844],"DATAS1":[],"DATAS2":[],"TIMESTAMP":"2025-07-11T03:40:14.285Z","BUFFER":"2B5243563A3131332C060304020BFCB4BDFE"}
{"DTUID":"113","SENSORID":6,"FUNCID":3,"NDATA":2,"SENSORTYPE":"PWR-METER-POWER","RCV_BYTES":["020B","FDB8"],"DATAS":[523,-584],"DATAS1":[],"DATAS2":[],"TIMESTAMP":"2025-07-11T03:45:14.225Z","BUFFER":"2B5243563A3131332C060304020BFDB8BC6B"}
{"DTUID":"113","SENSORID":6,"FUNCID":3,"NDATA":2,"SENSORTYPE":"PWR-METER-POWER","RCV_BYTES":["020B","FEE4"],"DATAS":[523,-284],"DATAS1":[],"DATAS2":[],"TIMESTAMP":"2025-07-11T03:50:14.226Z","BUFFER":"2B5243563A3131332C060304020BFEE4BCA2"}
{"DTUID":"113","SENSORID":6,"FUNCID":3,"NDATA":2,"SENSORTYPE":"PWR-METER-POWER","RCV_BYTES":["020B","FFE8"],"DATAS":[523,-24],"DATAS1":[],"DATAS2":[],"TIMESTAMP":"2025-07-11T03:55:14.274Z","BUFFER":"2B5243563A3131332C060304020BFFE8BD37"}
{"DTUID":"113","SENSORID":6,"FUNCID":3,"NDATA":2,"SENSORTYPE":"PWR-METER-POWER","RCV_BYTES":["020C","0100"],"DATAS":[524,256],"DATAS1":[],"DATAS2":[],"TIMESTAMP":"2025-07-11T04:00:14.226Z","BUFFER":"2B5243563A3131332C060304020C01004CD8"}
{"DTUID":"113","SENSORID":6,"FUNCID":3,"NDATA":2,"SENSORTYPE":"PWR-METER-POWER","RCV_BYTES":["020C","0204"],"DATAS":[524,516],"DATAS1":[],"DATAS2":[],"TIMESTAMP":"2025-07-11T04:05:14.306Z","BUFFER":"2B5243563A3131332C060304020C02044DEB"}
{"DTUID":"113","SENSORID":6,"FUNCID":3,"NDATA":2,"SENSORTYPE":"PWR-METER-POWER","RCV_BYTES":["020C","0308"],"DATAS":[524,776],"DATAS1":[],"DATAS2":[],"TIMESTAMP":"2025-07-11T04:10:13.947Z","BUFFER":"2B5243563A3131332C060304020C03084C7E"}
{"DTUID":"113","SENSORID":6,"FUNCID":3,"NDATA":2,"SENSORTYPE":"PWR-METER-POWER","RCV_BYTES":["020C","0420"],"DATAS":[524,1056],"DATAS1":[],"DATAS2":[],"TIMESTAMP":"2025-07-11T04:15:14.186Z","BUFFER":"2B5243563A3131332C060304020C04204E50"}
{"DTUID":"113","SENSORID":6,"FUNCID":3,"NDATA":2,"SENSORTYPE":"PWR-METER-POWER","RCV_BYTES":["020C","0524"],"DATAS":[524,1316],"DATAS1":[],"DATAS2":[],"TIMESTAMP":"2025-07-11T04:20:14.727Z","BUFFER":"2B5243563A3131332C060304020C05244E03"}
{"DTUID":"113","SENSORID":6,"FUNCID":3,"NDATA":2,"SENSORTYPE":"PWR-METER-POWER","RCV_BYTES":["020C","063C"],"DATAS":[524,1596],"DATAS1":[],"DATAS2":[],"TIMESTAMP":"2025-07-11T04:25:14.246Z","BUFFER":"2B5243563A3131332C060304020C063C4EF9"}
{"DTUID":"113","SENSORID":6,"FUNCID":3,"NDATA":2,"SENSORTYPE":"PWR-METER-POWER","RCV_BYTES":["020C","0740"],"DATAS":[524,1856],"DATAS1":[],"DATAS2":[],"TIMESTAMP":"2025-07-11T04:30:14.306Z","BUFFER":"2B5243563A3131332C060304020C07404E88"}
{"DTUID":"113","SENSORID":6,"FUNCID":3,"NDATA":2,"SENSORTYPE":"PWR-METER-POWER","RCV_BYTES":["020C","0830"],"DATAS":[524,2096],"DATAS1":[],"DATAS2":[],"TIMESTAMP":"2025-07-11T04:35:14.286Z","BUFFER":"2B5243563A3131332C060304020C08304A9C"}
{"DTUID":"113","SENSORID":6,"FUNCID":3,"NDATA":2,"SENSORTYPE":"PWR-METER-POWER","RCV_BYTES":["020C","0934"],"DATAS":[524,2356],"DATAS1":[],"DATAS2":[],"TIMESTAMP":"2025-07-11T04:40:12.927Z","BUFFER":"2B5243563A3131332C060304020C09344ACF"}
{"DTUID":"113","SENSORID":6,"FUNCID":3,"NDATA":2,"SENSORTYPE":"PWR-METER-POWER","RCV_BYTES":["020C","0A38"],"DATAS":[524,2616],"DATAS1":[],"DATAS2":[],"TIMESTAMP":"2025-07-11T04:45:14.277Z","BUFFER":"2B5243563A3131332C060304020C0A384A3A"}
{"DTUID":"113","SENSORID":6,"FUNCID":3,"NDATA":2,"SENSORTYPE":"PWR-METER-POWER","RCV_BYTES":["020D","99FC"],"DATAS":[525,-26116],"DATAS1":[],"DATAS2":[],"TIMESTAMP":"2025-07-13T04:30:17.541Z","BUFFER":"2B5243563A3131332C060304020D99FC7699"}
{"DTUID":"113","SENSORID":6,"FUNCID":3,"NDATA":2,"SENSORTYPE":"PWR-METER-POWER","RCV_BYTES":["020D","99FC"],"DATAS":[525,-26116],"DATAS1":[],"DATAS2":[],"TIMESTAMP":"2025-07-13T04:35:18.121Z","BUFFER":"2B5243563A3131332C060304020D99FC7699"}
{"DTUID":"113","SENSORID":6,"FUNCID":3,"NDATA":2,"SENSORTYPE":"PWR-METER-POWER","RCV_BYTES":["020D","99FC"],"DATAS":[525,-26116],"DATAS1":[],"DATAS2":[],"TIMESTAMP":"2025-07-13T04:40:17.522Z","BUFFER":"2B5243563A3131332C060304020D99FC7699"}
{"DTUID":"113","SENSORID":6,"FUNCID":3,"NDATA":2,"SENSORTYPE":"PWR-METER-POWER","RCV_BYTES":["020D","99FC"],"DATAS":[525,-26116],"DATAS1":[],"DATAS2":[],"TIMESTAMP":"2025-07-13T04:45:17.520Z","BUFFER":"2B5243563A3131332C060304020D99FC7699"}
{"DTUID":"113","SENSORID":6,"FUNCID":3,"NDATA":2,"SENSORTYPE":"PWR-METER-POWER","RCV_BYTES":["020E","2188"],"DATAS":[526,8584],"DATAS1":[],"DATAS2":[],"TIMESTAMP":"2025-07-14T13:50:17.022Z","BUFFER":"2B5243563A3131332C060304020E2188F4BE"}
{"DTUID":"113","SENSORID":6,"FUNCID":3,"NDATA":2,"SENSORTYPE":"PWR-METER-POWER","RCV_BYTES":["020E","2264"],"DATAS":[526,8804],"DATAS1":[],"DATAS2":[],"TIMESTAMP":"2025-07-14T13:55:17.524Z","BUFFER":"2B5243563A3131332C060304020E2264F5C3"}
{"DTUID":"113","SENSORID":6,"FUNCID":3,"NDATA":2,"SENSORTYPE":"PWR-METER-POWER","RCV_BYTES":["020E","2340"],"DATAS":[526,9024],"DATAS1":[],"DATAS2":[],"TIMESTAMP":"2025-07-14T14:00:14.685Z","BUFFER":"2B5243563A3131332C060304020E2340F448"}
{"DTUID":"113","SENSORID":6,"FUNCID":3,"NDATA":2,"SENSORTYPE":"PWR-METER-POWER","RCV_BYTES":["020E","241C"],"DATAS":[526,9244],"DATAS1":[],"DATAS2":[],"TIMESTAMP":"2025-07-14T14:05:19.505Z","BUFFER":"2B5243563A3131332C060304020E241CF641"}
{"DTUID":"113","SENSORID":6,"FUNCID":3,"NDATA":2,"SENSORTYPE":"PWR-METER-POWER","RCV_BYTES":["020E","24E4"],"DATAS":[526,9444],"DATAS1":[],"DATAS2":[],"TIMESTAMP":"2025-07-14T14:10:20.485Z","BUFFER":"2B5243563A3131332C060304020E24E4F7C3"}
{"DTUID":"113","SENSORID":6,"FUNCID":3,"NDATA":2,"SENSORTYPE":"PWR-METER-POWER","RCV_BYTES":["020E","2688"],"DATAS":[526,9864],"DATAS1":[],"DATAS2":[],"TIMESTAMP":"2025-07-14T14:20:18.553Z","BUFFER":"2B5243563A3131332C060304020E2688F68E"}
{"DTUID":"113","SENSORID":6,"FUNCID":3,"NDATA":2,"SENSORTYPE":"PWR-METER-POWER","RCV_BYTES":["020E","2750"],"DATAS":[526,10064],"DATAS1":[],"DATAS2":[],"TIMESTAMP":"2025-07-14T14:25:19.183Z","BUFFER":"2B5243563A3131332C060304020E2750F744"}
{"DTUID":"113","SENSORID":6,"FUNCID":3,"NDATA":2,"SENSORTYPE":"PWR-METER-POWER","RCV_BYTES":["020E","282C"],"DATAS":[526,10284],"DATAS1":[],"DATAS2":[],"TIMESTAMP":"2025-07-14T14:30:18.684Z","BUFFER":"2B5243563A3131332C060304020E282CF355"}
{"DTUID":"113","SENSORID":6,"FUNCID":3,"NDATA":2,"SENSORTYPE":"PWR-METER-POWER","RCV_BYTES":["020E","2908"],"DATAS":[526,10504],"DATAS1":[],"DATAS2":[],"TIMESTAMP":"2025-07-14T14:35:19.383Z","BUFFER":"2B5243563A3131332C060304020E2908F2DE"}
{"DTUID":"113","SENSORID":6,"FUNCID":3,"NDATA":2,"SENSORTYPE":"PWR-METER-POWER","RCV_BYTES":["020E","29E4"],"DATAS":[526,10724],"DATAS1":[],"DATAS2":[],"TIMESTAMP":"2025-07-14T14:40:19.483Z","BUFFER":"2B5243563A3131332C060304020E29E4F353"}
{"DTUID":"113","SENSORID":6,"FUNCID":3,"NDATA":2,"SENSORTYPE":"PWR-METER-POWER","RCV_BYTES":["020E","2AD4"],"DATAS":[526,10964],"DATAS1":[],"DATAS2":[],"TIMESTAMP":"2025-07-14T14:45:18.262Z","BUFFER":"2B5243563A3131332C060304020E2AD4F3B7"}
{"DTUID":"113","SENSORID":6,"FUNCID":3,"NDATA":2,"SENSORTYPE":"PWR-METER-POWER","RCV_BYTES":["020E","2BB0"],"DATAS":[526,11184],"DATAS1":[],"DATAS2":[],"TIMESTAMP":"2025-07-14T14:50:18.322Z","BUFFER":"2B5243563A3131332C060304020E2BB0F3CC"}
{"DTUID":"113","SENSORID":6,"FUNCID":3,"NDATA":2,"SENSORTYPE":"PWR-METER-POWER","RCV_BYTES":["020E","2CA0"],"DATAS":[526,11424],"DATAS1":[],"DATAS2":[],"TIMESTAMP":"2025-07-14T14:56:13.215Z","BUFFER":"2B5243563A3131332C060304020E2CA0F030"}
{"DTUID":"113","SENSORID":6,"FUNCID":3,"NDATA":2,"SENSORTYPE":"PWR-METER-POWER","RCV_BYTES":["020E","2D90"],"DATAS":[526,11664],"DATAS1":[],"DATAS2":[],"TIMESTAMP":"2025-07-14T15:00:18.483Z","BUFFER":"2B5243563A3131332C060304020E2D90F1B4"}
{"DTUID":"113","SENSORID":6,"FUNCID":3,"NDATA":2,"SENSORTYPE":"PWR-METER-POWER","RCV_BYTES":["020E","2E6C"],"DATAS":[526,11884],"DATAS1":[],"DATAS2":[],"TIMESTAMP":"2025-07-14T15:05:20.344Z","BUFFER":"2B5243563A3131332C060304020E2E6CF105"}
{"DTUID":"113","SENSORID":6,"FUNCID":3,"NDATA":2,"SENSORTYPE":"PWR-METER-POWER","RCV_BYTES":["020E","2F5C"],"DATAS":[526,12124],"DATAS1":[],"DATAS2":[],"TIMESTAMP":"2025-07-14T15:10:21.302Z","BUFFER":"2B5243563A3131332C060304020E2F5CF081"}
{"DTUID":"113","SENSORID":6,"FUNCID":3,"NDATA":2,"SENSORTYPE":"PWR-METER-POWER","RCV_BYTES":["020E","3038"],"DATAS":[526,12344],"DATAS1":[],"DATAS2":[],"TIMESTAMP":"2025-07-14T15:15:18.571Z","BUFFER":"2B5243563A3131332C060304020E3038F95A"}
{"DTUID":"113","SENSORID":6,"FUNCID":3,"NDATA":2,"SENSORTYPE":"PWR-METER-POWER","RCV_BYTES":["020E","3114"],"DATAS":[526,12564],"DATAS1":[],"DATAS2":[],"TIMESTAMP":"2025-07-14T15:21:12.623Z","BUFFER":"2B5243563A3131332C060304020E3114F917"}
{"DTUID":"113","SENSORID":6,"FUNCID":3,"NDATA":2,"SENSORTYPE":"PWR-METER-POWER","RCV_BYTES":["020E","31F0"],"DATAS":[526,12784],"DATAS1":[],"DATAS2":[],"TIMESTAMP":"2025-07-14T15:25:18.362Z","BUFFER":"2B5243563A3131332C060304020E31F0F95C"}
{"DTUID":"113","SENSORID":6,"FUNCID":3,"NDATA":2,"SENSORTYPE":"PWR-METER-POWER","RCV_BYTES":["020E","33A8"],"DATAS":[526,13224],"DATAS1":[],"DATAS2":[],"TIMESTAMP":"2025-07-14T15:35:18.442Z","BUFFER":"2B5243563A3131332C060304020E33A8F9C6"}
{"DTUID":"113","SENSORID":6,"FUNCID":3,"NDATA":2,"SENSORTYPE":"PWR-METER-POWER","RCV_BYTES":["020E","3484"],"DATAS":[526,13444],"DATAS1":[],"DATAS2":[],"TIMESTAMP":"2025-07-14T15:40:21.241Z","BUFFER":"2B5243563A3131332C060304020E3484FA2B"}
{"DTUID":"113","SENSORID":6,"FUNCID":3,"NDATA":2,"SENSORTYPE":"PWR-METER-POWER","RCV_BYTES":["020E","3560"],"DATAS":[526,13664],"DATAS1":[],"DATAS2":[],"TIMESTAMP":"2025-07-14T15:45:21.102Z","BUFFER":"2B5243563A3131332C060304020E3560FBF0"}
{"DTUID":"113","SENSORID":6,"FUNCID":3,"NDATA":2,"SENSORTYPE":"PWR-METER-POWER","RCV_BYTES":["020F","1188"],"DATAS":[527,4488],"DATAS1":[],"DATAS2":[],"TIMESTAMP":"2025-07-15T13:50:20.121Z","BUFFER":"2B5243563A3131332C060304020F1188B17E"}
{"DTUID":"113","SENSORID":6,"FUNCID":3,"NDATA":2,"SENSORTYPE":"PWR-METER-POWER","RCV_BYTES":["020F","12AE"],"DATAS":[527,4782],"DATAS1":[],"DATAS2":[],"TIMESTAMP":"2025-07-15T13:57:02.246Z","BUFFER":"2B5243563A3131332C060304020F12AE3054"}
{"DTUID":"113","SENSORID":6,"FUNCID":3,"NDATA":2,"SENSORTYPE":"PWR-METER-POWER","RCV_BYTES":["020F","132C"],"DATAS":[527,4908],"DATAS1":[],"DATAS2":[],"TIMESTAMP":"2025-07-15T14:00:20.662Z","BUFFER":"2B5243563A3131332C060304020F132CB1A5"}
{"DTUID":"113","SENSORID":6,"FUNCID":3,"NDATA":2,"SENSORTYPE":"PWR-METER-POWER","RCV_BYTES":["020F","141C"],"DATAS":[527,5148],"DATAS1":[],"DATAS2":[],"TIMESTAMP":"2025-07-15T14:05:33.879Z","BUFFER":"2B5243563A3131332C060304020F141CB381"}
{"DTUID":"113","SENSORID":6,"FUNCID":3,"NDATA":2,"SENSORTYPE":"PWR-METER-POWER","RCV_BYTES":["020F","14E4"],"DATAS":[527,5348],"DATAS1":[],"DATAS2":[],"TIMESTAMP":"2025-07-15T14:10:20.820Z","BUFFER":"2B5243563A3131332C060304020F14E4B203"}
{"DTUID":"113","SENSORID":6,"FUNCID":3,"NDATA":2,"SENSORTYPE":"PWR-METER-POWER","RCV_BYTES":["020F","1688"],"DATAS":[527,5768],"DATAS1":[],"DATAS2":[],"TIMESTAMP":"2025-07-15T14:20:20.622Z","BUFFER":"2B5243563A3131332C060304020F1688B34E"}
{"DTUID":"113","SENSORID":6,"FUNCID":3,"NDATA":2,"SENSORTYPE":"PWR-METER-POWER","RCV_BYTES":["020F","1840"],"DATAS":[527,6208],"DATAS1":[],"DATAS2":[],"TIMESTAMP":"2025-07-15T14:30:21.281Z","BUFFER":"2B5243563A3131332C060304020F1840B6B8"}
{"DTUID":"113","SENSORID":6,"FUNCID":3,"NDATA":2,"SENSORTYPE":"PWR-METER-POWER","RCV_BYTES":["020F","19F8"],"DATAS":[527,6648],"DATAS1":[],"DATAS2":[],"TIMESTAMP":"2025-07-15T14:40:20.939Z","BUFFER":"2B5243563A3131332C060304020F19F8B75A"}
{"DTUID":"113","SENSORID":6,"FUNCID":3,"NDATA":2,"SENSORTYPE":"PWR-METER-POWER","RCV_BYTES":["020F","1BC4"],"DATAS":[527,7108],"DATAS1":[],"DATAS2":[],"TIMESTAMP":"2025-07-15T14:50:19.209Z","BUFFER":"2B5243563A3131332C060304020F1BC4B62B"}
{"DTUID":"113","SENSORID":6,"FUNCID":3,"NDATA":2,"SENSORTYPE":"PWR-METER-POWER","RCV_BYTES":["020F","1DA4"],"DATAS":[527,7588],"DATAS1":[],"DATAS2":[],"TIMESTAMP":"2025-07-15T15:00:21.104Z","BUFFER":"2B5243563A3131332C060304020F1DA4B5A3"}
{"DTUID":"113","SENSORID":6,"FUNCID":3,"NDATA":2,"SENSORTYPE":"PWR-METER-POWER","RCV_BYTES":["020F","1F70"],"DATAS":[527,8048],"DATAS1":[],"DATAS2":[],"TIMESTAMP":"2025-07-15T15:10:21.164Z","BUFFER":"2B5243563A3131332C060304020F1F70B49C"}
{"DTUID":"113","SENSORID":6,"FUNCID":3,"NDATA":2,"SENSORTYPE":"PWR-METER-POWER","RCV_BYTES":["020F","36F4"],"DATAS":[527,14068],"DATAS1":[],"DATAS2":[],"TIMESTAMP":"2025-07-15T17:25:21.216Z","BUFFER":"2B5243563A3131332C060304020F36F4AB6F"}
{"DTUID":"113","SENSORID":6,"FUNCID":3,"NDATA":2,"SENSORTYPE":"PWR-METER-POWER","RCV_BYTES":["020F","37D0"],"DATAS":[527,14288],"DATAS1":[],"DATAS2":[],"TIMESTAMP":"2025-07-15T17:30:21.621Z","BUFFER":"2B5243563A3131332C060304020F37D0AAE4"}
{"DTUID":"113","SENSORID":6,"FUNCID":3,"NDATA":2,"SENSORTYPE":"PWR-METER-POWER","RCV_BYTES":["020F","38AC"],"DATAS":[527,14508],"DATAS1":[],"DATAS2":[],"TIMESTAMP":"2025-07-15T17:35:21.053Z","BUFFER":"2B5243563A3131332C060304020F38ACAEF5"}
{"DTUID":"113","SENSORID":6,"FUNCID":3,"NDATA":2,"SENSORTYPE":"PWR-METER-POWER","RCV_BYTES":["020F","3974"],"DATAS":[527,14708],"DATAS1":[],"DATAS2":[],"TIMESTAMP":"2025-07-15T17:40:21.613Z","BUFFER":"2B5243563A3131332C060304020F3974AF3F"}
{"DTUID":"113","SENSORID":6,"FUNCID":3,"NDATA":2,"SENSORTYPE":"PWR-METER-POWER","RCV_BYTES":["020F","3A50"],"DATAS":[527,14928],"DATAS1":[],"DATAS2":[],"TIMESTAMP":"2025-07-15T17:45:21.493Z","BUFFER":"2B5243563A3131332C060304020F3A50AFD4"}
{"DTUID":"113","SENSORID":6,"FUNCID":3,"NDATA":2,"SENSORTYPE":"PWR-METER-POWER","RCV_BYTES":["020F","3B2C"],"DATAS":[527,15148],"DATAS1":[],"DATAS2":[],"TIMESTAMP":"2025-07-15T17:50:21.572Z","BUFFER":"2B5243563A3131332C060304020F3B2CAFA5"}
{"DTUID":"113","SENSORID":6,"FUNCID":3,"NDATA":2,"SENSORTYPE":"PWR-METER-POWER","RCV_BYTES":["020F","3BD6"],"DATAS":[527,15318],"DATAS1":[],"DATAS2":[],"TIMESTAMP":"2025-07-15T17:56:50.993Z","BUFFER":"2B5243563A3131332C060304020F3BD62FE6"}
{"DTUID":"113","SENSORID":6,"FUNCID":3,"NDATA":2,"SENSORTYPE":"PWR-METER-POWER","RCV_BYTES":["020F","3C08"],"DATAS":[527,15368],"DATAS1":[],"DATAS2":[],"TIMESTAMP":"2025-07-15T17:56:52.433Z","BUFFER":"2B5243563A3131332C060304020F3C08AD8E"}
{"DTUID":"113","SENSORID":6,"FUNCID":3,"NDATA":2,"SENSORTYPE":"PWR-METER-POWER","RCV_BYTES":["020F","3CE4"],"DATAS":[527,15588],"DATAS1":[],"DATAS2":[],"TIMESTAMP":"2025-07-15T18:00:21.727Z","BUFFER":"2B5243563A3131332C060304020F3CE4AC03"}
{"DTUID":"113","SENSORID":6,"FUNCID":3,"NDATA":2,"SENSORTYPE":"PWR-METER-POWER","RCV_BYTES":["020F","3DAC"],"DATAS":[527,15788],"DATAS1":[],"DATAS2":[],"TIMESTAMP":"2025-07-15T18:05:21.714Z","BUFFER":"2B5243563A3131332C060304020F3DACADA5"}
{"DTUID":"113","SENSORID":6,"FUNCID":3,"NDATA":2,"SENSORTYPE":"PWR-METER-POWER","RCV_BYTES":["020F","3E88"],"DATAS":[527,16008],"DATAS1":[],"DATAS2":[],"TIMESTAMP":"2025-07-15T18:10:21.626Z","BUFFER":"2B5243563A3131332C060304020F3E88AD4E"}
{"DTUID":"113","SENSORID":6,"FUNCID":3,"NDATA":2,"SENSORTYPE":"PWR-METER-POWER","RCV_BYTES":["0210","0E12"],"DATAS":[528,3602],"DATAS1":[],"DATAS2":[],"TIMESTAMP":"2025-07-16T13:41:57.811Z","BUFFER":"2B5243563A3131332C06030402100E1208E3"}
{"DTUID":"113","SENSORID":6,"FUNCID":3,"NDATA":2,"SENSORTYPE":"PWR-METER-POWER","RCV_BYTES":["0210","0E94"],"DATAS":[528,3732],"DATAS1":[],"DATAS2":[],"TIMESTAMP":"2025-07-16T13:45:22.069Z","BUFFER":"2B5243563A3131332C06030402100E948941"}
{"DTUID":"113","SENSORID":6,"FUNCID":3,"NDATA":2,"SENSORTYPE":"PWR-METER-POWER","RCV_BYTES":["0210","104C"],"DATAS":[528,4172],"DATAS1":[],"DATAS2":[],"TIMESTAMP":"2025-07-16T13:55:22.664Z","BUFFER":"2B5243563A3131332C0603040210104C80BB"}
{"DTUID":"113","SENSORID":6,"FUNCID":3,"NDATA":2,"SENSORTYPE":"PWR-METER-POWER","RCV_BYTES":["0210","11DC"],"DATAS":[528,4572],"DATAS1":[],"DATAS2":[],"TIMESTAMP":"2025-07-16T14:05:22.086Z","BUFFER":"2B5243563A3131332C060304021011DC8147"}
{"DTUID":"113","SENSORID":6,"FUNCID":3,"NDATA":2,"SENSORTYPE":"PWR-METER-POWER","RCV_BYTES":["0210","1380"],"DATAS":[528,4992],"DATAS1":[],"DATAS2":[],"TIMESTAMP":"2025-07-16T14:15:22.147Z","BUFFER":"2B5243563A3131332C06030402101380801E"}
{"DTUID":"113","SENSORID":6,"FUNCID":3,"NDATA":2,"SENSORTYPE":"PWR-METER-POWER","RCV_BYTES":["0210","1538"],"DATAS":[528,5432],"DATAS1":[],"DATAS2":[],"TIMESTAMP":"2025-07-16T14:25:22.199Z","BUFFER":"2B5243563A3131332C0603040210153883CC"}
{"DTUID":"113","SENSORID":6,"FUNCID":3,"NDATA":2,"SENSORTYPE":"PWR-METER-POWER","RCV_BYTES":["0210","16DC"],"DATAS":[528,5852],"DATAS1":[],"DATAS2":[],"TIMESTAMP":"2025-07-16T14:35:22.403Z","BUFFER":"2B5243563A3131332C060304021016DC8377"}
{"DTUID":"113","SENSORID":6,"FUNCID":3,"NDATA":2,"SENSORTYPE":"PWR-METER-POWER","RCV_BYTES":["0210","18A8"],"DATAS":[528,6312],"DATAS1":[],"DATAS2":[],"TIMESTAMP":"2025-07-16T14:45:22.078Z","BUFFER":"2B5243563A3131332C060304021018A88730"}
{"DTUID":"113","SENSORID":6,"FUNCID":3,"NDATA":2,"SENSORTYPE":"PWR-METER-POWER","RCV_BYTES":["0210","1A4C"],"DATAS":[528,6732],"DATAS1":[],"DATAS2":[],"TIMESTAMP":"2025-07-16T14:55:21.928Z","BUFFER":"2B5243563A3131332C06030402101A4C861B"}
{"DTUID":"113","SENSORID":6,"FUNCID":3,"NDATA":2,"SENSORTYPE":"PWR-METER-POWER","RCV_BYTES":["0210","1BF0"],"DATAS":[528,7152],"DATAS1":[],"DATAS2":[],"TIMESTAMP":"2025-07-16T15:05:22.252Z","BUFFER":"2B5243563A3131332C06030402101BF0863A"}
{"DTUID":"113","SENSORID":6,"FUNCID":3,"NDATA":2,"SENSORTYPE":"PWR-METER-POWER","RCV_BYTES":["0210","1DA8"],"DATAS":[528,7592],"DATAS1":[],"DATAS2":[],"TIMESTAMP":"2025-07-16T15:15:22.475Z","BUFFER":"2B5243563A3131332C06030402101DA88460"}
{"DTUID":"113","SENSORID":6,"FUNCID":3,"NDATA":2,"SENSORTYPE":"PWR-METER-POWER","RCV_BYTES":["0210","1F60"],"DATAS":[528,8032],"DATAS1":[],"DATAS2":[],"TIMESTAMP":"2025-07-16T15:25:22.123Z","BUFFER":"2B5243563A3131332C06030402101F608496"}
{"DTUID":"113","SENSORID":6,"FUNCID":3,"NDATA":2,"SENSORTYPE":"PWR-METER-POWER","RCV_BYTES":["0210","2118"],"DATAS":[528,8472],"DATAS1":[],"DATAS2":[],"TIMESTAMP":"2025-07-16T15:35:21.775Z","BUFFER":"2B5243563A3131332C0603040210211894D4"}
{"DTUID":"113","SENSORID":6,"FUNCID":3,"NDATA":2,"SENSORTYPE":"PWR-METER-POWER","RCV_BYTES":["0210","22D0"],"DATAS":[528,8912],"DATAS1":[],"DATAS2":[],"TIMESTAMP":"2025-07-16T15:45:22.143Z","BUFFER":"2B5243563A3131332C060304021022D095B2"}
{"DTUID":"113","SENSORID":6,"FUNCID":3,"NDATA":2,"SENSORTYPE":"PWR-METER-POWER","RCV_BYTES":["0210","2488"],"DATAS":[528,9352],"DATAS1":[],"DATAS2":[],"TIMESTAMP":"2025-07-16T15:55:21.914Z","BUFFER":"2B5243563A3131332C0603040210248897E8"}
{"DTUID":"113","SENSORID":6,"FUNCID":3,"NDATA":2,"SENSORTYPE":"PWR-METER-POWER","RCV_BYTES":["0210","2668"],"DATAS":[528,9832],"DATAS1":[],"DATAS2":[],"TIMESTAMP":"2025-07-16T16:05:22.147Z","BUFFER":"2B5243563A3131332C060304021026689700"}
{"DTUID":"113","SENSORID":6,"FUNCID":3,"NDATA":2,"SENSORTYPE":"PWR-METER-POWER","RCV_BYTES":["0211","07F4"],"DATAS":[529,2036],"DATAS1":[],"DATAS2":[],"TIMESTAMP":"2025-07-17T14:20:32.675Z","BUFFER":"2B5243563A3131332C060304021107F4DEF9"}
{"DTUID":"113","SENSORID":6,"FUNCID":3,"NDATA":2,"SENSORTYPE":"PWR-METER-POWER","RCV_BYTES":["0211","08BC"],"DATAS":[529,2236],"DATAS1":[],"DATAS2":[],"TIMESTAMP":"2025-07-17T14:25:23.652Z","BUFFER":"2B5243563A3131332C060304021108BCDB3F"}
{"DTUID":"113","SENSORID":6,"FUNCID":3,"NDATA":2,"SENSORTYPE":"PWR-METER-POWER","RCV_BYTES":["0211","0984"],"DATAS":[529,2436],"DATAS1":[],"DATAS2":[],"TIMESTAMP":"2025-07-17T14:30:23.933Z","BUFFER":"2B5243563A3131332C06030402110984DB7D"}
{"DTUID":"113","SENSORID":6,"FUNCID":3,"NDATA":2,"SENSORTYPE":"PWR-METER-POWER","RCV_BYTES":["0211","0A4C"],"DATAS":[529,2636],"DATAS1":[],"DATAS2":[],"TIMESTAMP":"2025-07-17T14:35:23.533Z","BUFFER":"2B5243563A3131332C06030402110A4CDA1B"}
{"DTUID":"113","SENSORID":6,"FUNCID":3,"NDATA":2,"SENSORTYPE":"PWR-METER-POWER","RCV_BYTES":["0211","0B14"],"DATAS":[529,2836],"DATAS1":[],"DATAS2":[],"TIMESTAMP":"2025-07-17T14:40:23.855Z","BUFFER":"2B5243563A3131332C06030402110B14DA71"}
{"DTUID":"113","SENSORID":6,"FUNCID":3,"NDATA":2,"SENSORTYPE":"PWR-METER-POWER","RCV_BYTES":["0211","0BF0"],"DATAS":[529,3056],"DATAS1":[],"DATAS2":[],"TIMESTAMP":"2025-07-17T14:45:23.608Z","BUFFER":"2B5243563A3131332C06030402110BF0DA3A"}
{"DTUID":"113","SENSORID":6,"FUNCID":3,"NDATA":2,"SENSORTYPE":"PWR-METER-POWER","RCV_BYTES":["0211","0CCC"],"DATAS":[529,3276],"DATAS1":[],"DATAS2":[],"TIMESTAMP":"2025-07-17T14:50:23.613Z","BUFFER":"2B5243563A3131332C06030402110CCCD81B"}
{"DTUID":"113","SENSORID":6,"FUNCID":3,"NDATA":2,"SENSORTYPE":"PWR-METER-POWER","RCV_BYTES":["0211","0D94"],"DATAS":[529,3476],"DATAS1":[],"DATAS2":[],"TIMESTAMP":"2025-07-17T14:55:23.688Z","BUFFER":"2B5243563A3131332C06030402110D94D871"}
{"DTUID":"113","SENSORID":6,"FUNCID":3,"NDATA":2,"SENSORTYPE":"PWR-METER-POWER","RCV_BYTES":["0211","0E70"],"DATAS":[529,3696],"DATAS1":[],"DATAS2":[],"TIMESTAMP":"2025-07-17T15:00:23.528Z","BUFFER":"2B5243563A3131332C06030402110E70D8CA"}
{"DTUID":"113","SENSORID":6,"FUNCID":3,"NDATA":2,"SENSORTYPE":"PWR-METER-POWER","RCV_BYTES":["0211","0F4C"],"DATAS":[529,3916],"DATAS1":[],"DATAS2":[],"TIMESTAMP":"2025-07-17T15:05:23.575Z","BUFFER":"2B5243563A3131332C06030402110F4CD94B"}
{"DTUID":"113","SENSORID":6,"FUNCID":3,"NDATA":2,"SENSORTYPE":"PWR-METER-POWER","RCV_BYTES":["0211","6FDC"],"DATAS":[529,28636],"DATAS1":[],"DATAS2":[],"TIMESTAMP":"2025-07-18T05:00:23.977Z","BUFFER":"2B5243563A3131332C06030402116FDCF127"}
{"DTUID":"113","SENSORID":6,"FUNCID":3,"NDATA":2,"SENSORTYPE":"PWR-METER-POWER","RCV_BYTES":["0211","6FDC"],"DATAS":[529,28636],"DATAS1":[],"DATAS2":[],"TIMESTAMP":"2025-07-18T05:10:24.051Z","BUFFER":"2B5243563A3131332C06030402116FDCF127"}
{"DTUID":"113","SENSORID":6,"FUNCID":3,"NDATA":2,"SENSORTYPE":"PWR-METER-POWER","RCV_BYTES":["0211","7090"],"DATAS":[529,28816],"DATAS1":[],"DATAS2":[],"TIMESTAMP":"2025-07-18T17:10:24.766Z","BUFFER":"2B5243563A3131332C06030402117090F8E2"}
